"beaver_territory","x_upstream","x_downstream","y_upstream","y_downstream","date","time","site","season","DOC_input","DOC_out","delta_DOC","dam_persistence","n_dams","slope","water_volume","solar","dam_height","discharge","catchment_area_km","Cover_litter","plankton_abun","macrophy_abun","plankton_abun_z","cover_litter_z","macrophy_abun_z","water_res_time","DOC_input_z","dam_height_z","slope_z","discharge_z","water_volume_z","water_res_time_z","solar_z","dam_persistence_z","n_dams_z","A_floodplain_km2","A_beaver_km2"
49,8.176,8.177,47.352,47.356,"2022-07-13","11:30:00","2655600_1244700","summer",0.9733,1.226,0.2527,8,2,0.290023534226948,405.3,6198.82615304161,1.1,14.4394169322917,4.22903601,NA,NA,NA,NA,NA,NA,7.79694456232211,-0.90576167390161,0.298531189489287,-0.631527108209696,-0.434163118244736,-0.292790851901606,-0.188425541123418,0.502269371145312,0.441461513867216,-0.267283929688721,0.492648954808955,0.01281765
49,8.174,8.175,47.351,47.355,"2022-05-02","20:00:00","2655600_1244700","winter",1.528,2.001,0.473,8,2,0.290023534226948,405.3,5139.58326968899,1.1,31.0814567864583,4.22903601,NA,NA,NA,NA,NA,NA,3.62220259194492,-0.634224426835896,0.298531189489287,-0.631527108209696,-0.205733156481455,-0.292790851901606,-0.21417014050601,-0.0292504111384657,0.441461513867216,-0.267283929688721,0.492648954808955,0.01281765
52,8.059,8.063,47.399,47.404,"2022-07-14","10:15:00","AA02_1","summer",2.871,2.916,0.0449999999999999,17,3,0.294278081510937,1569.19999999999,6309.81839487952,0.4,12.8805163375,1.39458222,NA,NA,NA,NA,NA,NA,33.8409484113497,0.0232021511508608,-1.04789621751402,-0.628627250676186,-0.455560711711733,1.55909136245367,-0.0278186221402761,0.557964408746273,2.48738130359608,0.113648285064496,1.40143770781341,0.012943389999999999
52,8.06,8.063,47.399,47.404,"2022-03-19","13:05:00","AA02_1","winter",3.096,3.291,0.195,17,3,0.294278081510937,1569.19999999999,3273.04548435226,0.4,13.5261562541667,1.39458222,NA,NA,NA,NA,NA,NA,32.2256286781111,0.133344355206721,-1.04789621751402,-0.628627250676186,-0.446698606899498,1.55909136245367,-0.0377798987178715,-0.965864452052777,2.48738130359608,0.113648285064496,1.40143770781341,0.012943389999999999
51,8.073,8.079,47.403,47.402,"2022-07-13","14:15:00","AA02_3","summer",0.8395,0.715,-0.1245,3,3,0.123510740237965,418.9,6635.11343260558,0.4,1.00204885925926,0.41623568,NA,NA,NA,NA,NA,NA,116.123191035942,-0.971259571246828,-1.04789621751402,-0.745020588912536,-0.618605500429839,-0.271151881100651,0.479595581588334,0.721194910784576,-0.695160591537707,0.113648285064496,0.42117552726118,0.01915623
51,8.074,8.077,47.403,47.403,"2022-03-19","12:30:00","AA02_3","winter",0.9713,0.7098,-0.2615,3,3,0.123510740237965,418.9,2746.22271032249,0.4,3.77695339259259,0.41623568,NA,NA,NA,NA,NA,NA,30.8081935401481,-0.906740715715439,-1.04789621751402,-0.745020588912536,-0.580516940253282,-0.271151881100651,-0.0465208700249846,-1.23021999369036,-0.695160591537707,0.113648285064496,0.42117552726118,0.01915623
53,8.072,8.085,47.408,47.41,"2022-07-14","11:00:00","AA03_1","summer",1.009,1.153,0.144,3,1,0.17514659494309,220.3,6586.64240586169,0.8,0.883205983333333,0.54119856,NA,NA,NA,NA,NA,NA,69.2867186128978,-0.888285777524746,-0.278509127797843,-0.709826098812643,-0.620236747190542,-0.587144498826367,0.190766660524227,0.696872529216678,-0.695160591537707,-0.648216144441937,0.546749092097669,0.033329199999999996
53,8.073,8.085,47.409,47.41,"2022-03-19","12:00:00","AA03_1","winter",1.109,0.9074,-0.2016,3,1,0.17514659494309,220.3,3490.75619755932,0.8,4.11536405,0.54119856,NA,NA,NA,NA,NA,NA,14.8697523963753,-0.839333686833253,-0.278509127797843,-0.709826098812643,-0.575871888672511,-0.587144498826367,-0.144809287594507,-0.856618921397519,-0.695160591537707,-0.648216144441937,0.546749092097669,0.033329199999999996
54,8.097,8.098,47.41,47.41,"2022-07-14","12:00:00","AA03_2","summer",1.068,1.121,0.0529999999999999,3,1,0.951034482758634,15.1999999999999,5948.72931246437,0.3,NA,0.17091326,NA,NA,NA,NA,NA,NA,NA,-0.859404044016765,-1.24024298994306,-0.180988554778719,NA,-0.913479271714305,NA,0.376772735441957,-0.695160591537707,-0.648216144441937,0.0134349291408724,7.005e-05
54,8.096,8.097,47.41,47.41,"2022-03-19","10:50:00","AA03_2","winter",1.342,1.274,-0.0680000000000001,3,1,0.951034482758634,15.1999999999999,2763.81884303518,0.3,NA,0.17091326,NA,NA,NA,NA,NA,NA,NA,-0.725275315522073,-1.24024298994306,-0.180988554778719,NA,-0.913479271714305,NA,-1.22139039211788,-0.695160591537707,-0.648216144441937,0.0134349291408724,7.005e-05
48,8.161,8.16,47.428,47.434,"2022-07-13","09:45:00","AA06","summer",1.004,0.6949,-0.3091,3,4,0.184799580822643,412.6,6003.93449895366,0.6,2.20387011689815,1.7469209,NA,NA,NA,NA,NA,NA,52.0044762313042,-0.890733382059321,-0.66320267265593,-0.703246718691747,-0.602109206325603,-0.281175816104035,0.084191353665974,0.404474265624392,-0.695160591537707,0.494580499817712,1.75651644218288,0.02735209
48,8.161,8.161,47.428,47.433,"2022-01-23","16:50:00","AA06","winter",0.901,0.8452,-0.0558000000000002,3,4,0.184799580822643,412.6,1153.46337044151,0.6,15.2249008993056,1.7469209,NA,NA,NA,NA,NA,NA,7.52787238939194,-0.941154035471559,-0.66320267265593,-0.703246718691747,-0.423381502882499,-0.281175816104035,-0.190084842547612,-2.02945415506085,-0.695160591537707,0.494580499817712,1.75651644218288,0.02735209
47,8.165,8.165,47.448,47.453,"2022-07-13","09:30:00","AA07","summer",0.6724,0.7975,0.1251,3,5,0.274387122104438,370.8,6128.11342890018,0.4,4.89171450625,1.42304422,NA,NA,NA,NA,NA,NA,21.0560121340687,-1.05305851479231,-1.04789621751402,-0.642184732737966,-0.565215640604958,-0.347683829301089,-0.106660156521579,0.466786280032739,-0.695160591537707,0.875512714570929,0.107646208773846,0.028670189999999998
47,8.166,8.165,47.445,47.453,"2022-03-26","07:30:00","AA07","winter",1.089,1.078,-0.0109999999999999,3,5,0.274387122104438,370.8,3916.97363750074,0.4,9.33872769375,1.42304422,NA,NA,NA,NA,NA,NA,11.0293396892741,-0.849124104971552,-1.04789621751402,-0.642184732737966,-0.50417558414054,-0.347683829301089,-0.168492161245068,-0.642746348408235,-0.695160591537707,0.875512714570929,0.107646208773846,0.028670189999999998
129,7.328,7.328,47.037,47.037,"2022-07-01","17:00:00","AB01","summer",2.31847470092583,2.35918067092652,0.0407059700006887,3,1,2.21388281819122,176.9,6982.57735129382,NA,12.818310544213,2.78967766,NA,NA,NA,NA,NA,NA,3.83349184117508,-0.247270534345373,NA,0.679756435167902,-0.456414553374566,-0.656198273294122,-0.212867172055773,0.89554958365063,-0.695160591537707,-0.648216144441937,0.6700765289755,0.00145196
129,7.328,7.329,47.037,47.038,"2022-03-22","15:30:00","AB01","winter",1.954,2.103,0.149,3,1,2.21388281819122,176.9,3950.36616014107,NA,25.2491658578704,2.78967766,NA,NA,NA,NA,NA,NA,1.94615890146612,-0.425688520490134,NA,0.679756435167902,-0.285787645323225,-0.656198273294122,-0.224505886682725,-0.625990242096227,-0.695160591537707,-0.648216144441937,0.6700765289755,0.00145196
60,8.65,8.649,47.643,47.632,"2022-07-15","13:15:00","ABB02","summer",2.107,3.148,1.041,3,5,0.282889333333333,1741.2,7302.81783213554,1,11.9600160716435,7.54266707,NA,NA,NA,NA,NA,NA,40.4403024017175,-0.350791821732149,0.106184417060244,-0.636389709287084,-0.468195571523106,1.83276069905401,0.0128779588392128,1.05624374863449,-0.695160591537707,0.875512714570929,7.56438887325306,0.0285377
60,8.647,8.649,47.641,47.632,"2022-04-20","13:05:00","ABB02","winter",3.324,3.507,0.183,3,5,0.282889333333333,1741.2,5786.49086772009,1,27.935803962963,7.54266707,NA,NA,NA,NA,NA,NA,17.3135044657354,0.244955121983326,0.106184417060244,-0.636389709287084,-0.248910637156199,1.83276069905401,-0.129739274055355,0.295362754611496,-0.695160591537707,0.875512714570929,7.56438887325306,0.0285377
24,8.814,8.811,47.57,47.571,"2022-07-06","17:30:00","AEB01","summer",2.562,2.738,0.176,7,1,0.281792058516198,22.1999999999999,8178.12685464737,0.3,5.01507324074074,2.16651164,NA,NA,NA,NA,NA,NA,1.22962644225627,-0.128059809085854,-1.24024298994306,-0.637137600997389,-0.56352240881067,-0.90234156615499,-0.228924564828075,1.49546696022121,0.214137092786231,-0.648216144441937,2.17829197954917,0.00189024
24,8.813,8.813,47.57,47.57,"2021-12-27","12:40:00","AEB01","winter",0,0,0,7,1,0.281792058516198,22.1999999999999,NA,0.3,43.7063632930556,2.16651164,NA,NA,NA,NA,NA,NA,0.141093108692629,-1.38221237260191,-1.24024298994306,-0.637137600997389,-0.0324426863324512,-0.90234156615499,-0.235637280197322,NA,0.214137092786231,-0.648216144441937,2.17829197954917,0.00189024
12,8.542,8.544,47.486,47.479,"2022-07-05","09:45:00","AEG01_1","summer",5.719,6.432,0.713,8,5,0.428969652018047,2688.39999999999,6853.75901706612,0.8,10.1228452280093,4.4396641,NA,NA,NA,NA,NA,NA,73.7715297386439,1.41735769404459,-0.278509127797843,-0.536822802549544,-0.493412724542898,3.33985137130876,0.218423379564156,0.830909552512396,0.441461513867216,0.875512714570929,4.45768140205594,0.014809969999999999
12,8.541,8.544,47.483,47.48,"2022-01-19","15:00:00","AEG01_1","winter",3.908,3.532,-0.376,8,5,0.428969652018047,2688.39999999999,1300.38093204191,0.8,48.815751099537,4.4396641,NA,NA,NA,NA,NA,NA,15.2978856405398,0.530835331621647,-0.278509127797843,-0.536822802549544,0.0376891767982647,3.33985137130876,-0.14216909595354,-1.95573207339027,0.441461513867216,0.875512714570929,4.45768140205594,0.014809969999999999
107,6.217,6.223,46.245,46.239,"2022-07-22","12:05:00","AEG01_1_B","summer",3.78536477112321,4.83920627142569,1.05384150030248,11,1,0.146088999447205,862,8195.91938969545,0.2,1.09901343611111,2.26082764,NA,NA,NA,NA,NA,NA,217.872172056172,0.470802823162161,-1.4325897623721,-0.72963146976751,-0.617274556941135,0.433864880804007,1.1070563378554,1.50439511494725,1.12343477711017,-0.648216144441937,0.463779066952094,0.0593655
107,6.217,6.223,46.245,46.239,"2021-12-15","10:30:00","AEG01_1_B","winter",2.539,4.808,2.269,11,1,0.146088999447205,862,1606.79327501172,0.2,37.8636295726852,2.26082764,NA,NA,NA,NA,NA,NA,6.32386401268778,-0.139318789944897,-1.4325897623721,-0.72963146976751,-0.11264051376423,0.433864880804007,-0.197509663897405,-1.80197675968083,1.12343477711017,-0.648216144441937,0.463779066952094,0.0593655
13,8.56,8.551,47.467,47.474,"2022-07-05","10:45:00","AEG01_2","summer",1.958,2.214,0.256,5,7,0.190166882172296,1786.6,6106.80416110759,1.2,18.7407042074074,6.32498767,NA,NA,NA,NA,NA,NA,26.4812769192323,-0.423730436862474,0.49087796191833,-0.699588418944561,-0.375123307236137,1.90499667511013,-0.0732038927741221,0.456093456360518,-0.240511749375738,1.63737714407736,6.34062864477519,0.00612332
13,8.561,8.557,47.467,47.47,"2022-01-19","16:30:00","AEG01_2","winter",1.46,1.486,0.026,5,7,0.190166882172296,1786.6,726.044552276594,1.2,66.9101704905093,6.32498767,NA,NA,NA,NA,NA,NA,7.41707537343925,-0.667511848506111,0.49087796191833,-0.699588418944561,0.286054615520231,1.90499667511013,-0.190768100293535,-2.24392957023282,-0.240511749375738,1.63737714407736,6.34062864477519,0.00612332
108,6.204,6.201,46.209,46.207,"2022-07-22","13:05:00","AEG01_2_B","summer",4.41568332492177,4.2069013712442,-0.20878195367757,3,3,0.171732339010384,453,6197.72044914907,0.5,23.1835729722222,33.38434508,NA,NA,NA,NA,NA,NA,5.42769371589542,0.779356933262942,-0.855549445084973,-0.712153222035611,-0.314140137446898,-0.216895344018844,-0.203036124079425,0.501714537592526,-0.695160591537707,0.113648285064496,33.4130903965026,0.008850690000000001
108,6.204,6.201,46.209,46.207,"2021-12-16","11:00:00","AEG01_2_B","winter",3.416,3.314,-0.102,3,3,0.171732339010384,453,953.171937258032,0.5,510.81139115463,33.38434508,NA,NA,NA,NA,NA,NA,0.246340108134436,0.2899910454195,-0.855549445084973,-0.712153222035611,6.37907805204272,-0.216895344018844,-0.23498824802813,-2.12995882743782,-0.695160591537707,0.113648285064496,33.4130903965026,0.008850690000000001
140,6.85,6.873,46.829,46.824,"2022-07-11","17:15:00","AG01","summer",3.072,3.038,-0.0340000000000003,3,1,1.05922471969818,65.2,6813.29071346912,NA,3.73376270972222,1.33304586,NA,NA,NA,NA,NA,NA,4.85063259750069,0.121595853440763,NA,-0.107247154648552,-0.581109778999197,-0.83392423200491,-0.206594717021877,0.810602874737805,-0.695160591537707,-0.648216144441937,0.052546916437503,0.0027804099999999997
140,6.85,6.873,46.829,46.824,"2022-04-14","10:55:00","AG01","winter",2.978,4.177,1.199,3,1,1.05922471969818,65.2,5018.23846158199,NA,9.99784395,1.33304586,NA,NA,NA,NA,NA,NA,1.81150167993081,0.0755808881907588,NA,-0.107247154648552,-0.495128502020072,-0.83392423200491,-0.225336284404787,-0.090140285406168,-0.695160591537707,-0.648216144441937,0.052546916437503,0.0027804099999999997
56,7.92,7.924,47.241,47.243,"2022-07-14","15:00:00","AGWI01","summer",3.263,2.159,-1.104,7,2,1.17762614052873,690.299999999999,6078.63092625032,1.4,5.62581630601852,1.01054164,NA,NA,NA,NA,NA,NA,34.0839425906717,0.215094346661515,0.875571506776417,-0.0265459121295557,-0.555139300954234,0.160672874441943,-0.0263201372414885,0.441956347777669,0.214137092786231,-0.267283929688721,0.132466588893312,0.00664785
56,7.921,7.922,47.242,47.243,"2022-03-26","17:25:00","AGWI01","winter",1.272,1.417,0.145,7,2,1.17762614052873,690.299999999999,3548.85780552455,1.4,11.3101130310185,1.01054164,NA,NA,NA,NA,NA,NA,16.9538535533744,-0.759541779006119,0.875571506776417,-0.0265459121295557,-0.47711619231363,0.160672874441943,-0.131957152123512,-0.827463989604849,0.214137092786231,-0.267283929688721,0.132466588893312,0.00664785
95,8.273,8.272,47.604,47.606,"2022-07-25","14:00:00","AL01","summer",1.326,2.117,0.791,6,2,0.957970037841491,356.2,6845.07593623112,1.3,5.20919579351852,2.52850852,NA,NA,NA,NA,NA,NA,18.9941880409938,-0.733107650032712,0.683224734347374,-0.176261348729845,-0.560857867222199,-0.370913900896232,-0.119374914858798,0.826552450560138,-0.0131873282947531,-0.267283929688721,0.418044480378027,0.00168856
95,8.273,8.272,47.604,47.606,"2022-03-18","12:00:00","AL01","winter",1.643,3.887,2.244,6,2,0.957970037841491,356.2,3448.06569997623,1.3,20.4856014351852,2.52850852,NA,NA,NA,NA,NA,NA,4.82995067328128,-0.577929522540678,0.683224734347374,-0.176261348729845,-0.351172709201585,-0.370913900896232,-0.206722257324312,-0.878040678708864,-0.0131873282947531,-0.267283929688721,0.418044480378027,0.00168856
125,7.579,7.579,46.728,46.728,"2022-07-20","13:30:00","AM01","summer",7.79172047037448,8.0871237206016,0.295403250227113,3,1,1.089111747851,18.5,7429.84031211038,0.6,14.7478257638889,4.24737382,NA,NA,NA,NA,NA,NA,0.348450610358567,2.43199769848346,-0.66320267265593,-0.0868764505622826,-0.429929874109609,-0.908228639093485,-0.234358557860171,1.11998263417477,-0.695160591537707,-0.648216144441937,4.26352770895367,9.168e-05
125,7.579,7.583,46.728,46.728,"2022-03-23","16:00:00","AM01","winter",7.123,7.337,0.213999999999998,3,1,1.089111747851,18.5,4562.54211969887,0.6,27.1851588247685,4.24737382,NA,NA,NA,NA,NA,NA,0.189032880845516,2.10464504735316,-0.66320267265593,-0.0868764505622826,-0.259214051985038,-0.908228639093485,-0.235341647500181,-0.318805140494553,-0.695160591537707,-0.648216144441937,4.26352770895367,9.168e-05
87,9.01,9.008,47.597,47.596,"2022-07-22","11:45:00","AP03","summer",3.78,5.605,1.825,3,1,0.265419091967396,384.899999999999,6904.81825638392,1.35,9.32407147222222,14.64726864,NA,NA,NA,NA,NA,NA,11.4667360696651,0.468176655536536,0.779398120561896,-0.648297253769643,-0.504376756602121,-0.325249308103041,-0.165794846138059,0.856530678877555,-0.695160591537707,-0.648216144441937,13.0739691080408,0.0013631300000000002
87,9.01,9.008,47.597,47.596,"2022-03-13","12:00:00","AP03","winter",2.406,2.423,0.0169999999999999,3,1,0.265419091967396,384.899999999999,3516.68890291845,1.35,103.581957627778,14.64726864,NA,NA,NA,NA,NA,NA,1.0321939178913,-0.204425070564583,0.779398120561896,-0.648297253769643,0.789414480474532,-0.325249308103041,-0.230142082289258,-0.843606092967756,-0.695160591537707,-0.648216144441937,13.0739691080408,0.0013631300000000002
104,7.006,7.008,46.793,46.794,"2022-06-15","08:30:00","AR03","summer",4.27927651757188,4.73440525778458,0.455128740212699,8,1,1.4251501738855,30.6999999999999,6510.03006966309,NA,62.0721728753472,23.62570809,NA,NA,NA,NA,NA,NA,0.13738487606843,0.712582949219655,NA,0.142164031594797,0.219647875725914,-0.888817209404393,-0.235660147949151,0.658429058982877,0.441461513867216,-0.648216144441937,11.1670356433359,0.0009215
104,7.006,7.008,46.793,46.794,"2022-03-24","12:00:00","AR03","winter",4.103,4.016,-0.0869999999999997,8,1,1.4251501738855,30.6999999999999,2983.5884336541,NA,167.895657028472,23.62570809,NA,NA,NA,NA,NA,NA,0.0507921284487519,0.626291908470059,NA,0.142164031594797,1.67218943016182,-0.888817209404393,-0.236194143969198,-1.11111173290363,0.441461513867216,-0.648216144441937,11.1670356433359,0.0009215
112,7.554,7.549,46.864,46.869,"2022-07-19","13:30:00","ATB10_2","summer",2.03839050166549,3.33572573099415,1.29733522932866,3,1,0.439549925165713,385.699999999999,6055.05310725443,0.5,28.2008053059028,13.02967689,NA,NA,NA,NA,NA,NA,3.79914288711689,-0.384377605579837,-0.855549445084973,-0.52961139255786,-0.245273207660451,-0.32397642746769,-0.213078993545033,0.430125182880194,-0.695160591537707,-0.648216144441937,4.5480960780692,0.013303299999999999
112,7.554,7.549,46.864,46.869,"2022-02-04","11:30:00","ATB10_2","winter",2.19,1.437,-0.753,3,1,0.439549925165713,385.699999999999,1590.85576013887,0.5,130.145962454514,13.02967689,NA,NA,NA,NA,NA,NA,0.823220996397286,-0.310161586458209,-0.855549445084973,-0.52961139255786,1.15403412205842,-0.32397642746769,-0.231430766520247,-1.80997407981249,-0.695160591537707,-0.648216144441937,4.5480960780692,0.013303299999999999
113,7.553,7.548,46.876,46.879,"2022-07-19","12:00:00","ATB10_3","summer",3.2622039668921,2.68936961080863,-0.572834356083467,3,1,0.312276476723241,321.3,6386.59911542694,0.15,1.92033156435185,0.34280299,NA,NA,NA,NA,NA,NA,46.4763490101375,0.2147046718126,-1.52876314858662,-0.616359721732766,-0.606001079033765,-0.42644331861339,0.0501007627612439,0.596492372927431,-0.695160591537707,-0.648216144441937,0.346606036418121,0.0035380100000000003
113,7.552,7.542,46.876,46.89,"2022-02-04","13:00:00","ATB10_3","winter",1.643,1.53,-0.113,3,1,0.312276476723241,321.3,1690.06306786651,0.15,3.80495448391204,0.34280299,NA,NA,NA,NA,NA,NA,23.4562595629891,-0.577929522540678,-1.52876314858662,-0.616359721732766,-0.580132595048279,-0.42644331861339,-0.0918584253211554,-1.76019262984187,-0.695160591537707,-0.648216144441937,0.346606036418121,0.0035380100000000003
45,8.508,8.507,47.685,47.686,"2022-07-11","16:00:00","BBN01","summer",2.377,3.849,1.472,17,1,0.232540842921626,232.8,8483.12249176725,0.4,15.8927051388889,50.552119716987605,NA,NA,NA,NA,NA,NA,4.06895277434108,-0.218621176865117,-1.04789621751402,-0.67070674456148,-0.414215168812268,-0.567255738899018,-0.211415142819566,1.64851138203159,2.48738130359608,-0.648216144441937,9.87279536114346,0.00211588
45,8.507,8.506,47.685,47.687,"2022-04-30","09:15:00","BBN01","winter",1.669,1.65,-0.0190000000000001,17,1,0.232540842921626,232.8,7309.43261378589,0.4,33.3346991435185,50.552119716987605,NA,NA,NA,NA,NA,NA,1.93992051310414,-0.56520197896089,-1.04789621751402,-0.67070674456148,-0.174804972798624,-0.567255738899018,-0.224544357278108,1.05956299425596,2.48738130359608,-0.648216144441937,9.87279536114346,0.00211588
40,8.5,8.499,47.76,47.758,"2022-07-11","10:45:00","BBS02","summer",1.711,1.657,-0.054,3,2,1.85245877664435,205.6,7209.60318346082,1.3,41.65665455,16.58587536,NA,NA,NA,NA,NA,NA,1.37099610441739,-0.544642100870463,0.683224734347374,0.433413367454103,-0.0605771514524117,-0.610533680500929,-0.228052773147771,1.00946936803877,-0.695160591537707,-0.267283929688721,3.25080679572945,0.006957649999999999
40,8.5,8.499,47.76,47.758,"2022-03-27","11:43:00","BBS02","winter",1.763,1.696,-0.067,3,2,1.85245877664435,205.6,4587.86791933477,1.3,102.70189025,16.58587536,NA,NA,NA,NA,NA,NA,0.556086270389858,-0.519187013710886,0.683224734347374,0.433413367454103,0.777334605698571,-0.610533680500929,-0.233078120189298,-0.306096852603083,-0.695160591537707,-0.267283929688721,3.25080679572945,0.006957649999999999
114,7.255,7.254,46.932,46.932,"2022-07-06","16:00:00","BF01","summer",1.29414081632653,3.21623994169096,1.92209912536443,3,3,2.85339178179244,317.1,5929.49055979142,2,8.6461714,3.89077713,NA,NA,NA,NA,NA,NA,10.1875534567049,-0.748703386518119,2.02965214135068,1.11563944740401,-0.513681666873579,-0.433125941948979,-0.17368324837741,0.367118880039339,-0.695160591537707,0.113648285064496,3.79982443636924,0.0021071999999999996
114,7.256,7.253,46.932,46.932,"2022-02-06","10:00:00","BF01","winter",1.31,1.275,-0.0350000000000001,3,3,2.85339178179244,317.1,1209.54675496387,2,34.449589171875,3.89077713,NA,NA,NA,NA,NA,NA,2.55687616168281,-0.740939984543351,2.02965214135068,1.11563944740401,-0.159501903656894,-0.433125941948979,-0.22073974465242,-2.00131195198396,-0.695160591537707,0.113648285064496,3.79982443636924,0.0021071999999999996
102,7.129,7.129,46.877,46.879,"2022-06-14","09:30:00","BI01","summer",3.16936186830015,3.21204486983155,0.0426830015313939,3,1,1.30718604179349,237.3,7514.89151116171,0.6,6.39559612280093,1.84809199,NA,NA,NA,NA,NA,NA,10.3065711781998,0.169256523509986,-0.66320267265593,0.0617608407739347,-0.544573242006254,-0.560095785325173,-0.1729492955772,1.16266065969018,-0.695160591537707,-0.648216144441937,0.313350549531903,0.0029444000000000002
102,7.129,7.129,46.877,46.879,"2022-04-19","08:00:00","BI01","winter",1.654,1.616,-0.0379999999999998,3,1,1.30718604179349,237.3,6051.26059092877,0.6,10.951656237037,1.84809199,NA,NA,NA,NA,NA,NA,6.01887652789406,-0.572544792564614,-0.66320267265593,0.0617608407739347,-0.482036398758304,-0.560095785325173,-0.199390446151358,0.428222127893087,-0.695160591537707,-0.648216144441937,0.313350549531903,0.0029444000000000002
141,7.137,7.161,46.892,46.898,"2022-07-14","16:00:00","BI02","summer",2.311,4.662,2.351,3,3,0.316553494573906,486.599999999999,7355.90734774901,1.2,20.4799395671296,8.23007804,NA,NA,NA,NA,NA,NA,6.59995437113542,-0.250929556721502,0.49087796191833,-0.61344454848228,-0.351250424452527,-0.163434357334132,-0.195807083061975,1.08288365174255,-0.695160591537707,0.113648285064496,1.40090849835903,0.11154172999999999
141,7.133,7.16,46.889,46.898,"2022-04-19","08:35:00","BI02","winter",2.183,3.042,0.859,3,3,0.316553494573906,486.599999999999,5805.34309280656,1.2,47.6277664351852,8.23007804,NA,NA,NA,NA,NA,NA,2.83798037958822,-0.313588232806614,0.49087796191833,-0.61344454848228,0.0213828048732322,-0.163434357334132,-0.219006244587965,0.304822653498718,-0.695160591537707,0.113648285064496,1.40090849835903,0.11154172999999999
90,8.647,8.651,47.788,47.787,"2022-07-25","13:30:00","BIB02","summer",1.792,1.491,-0.301,11,4,6.89845419257325,102.6,6679.69129964244,1.2,1.396859575,1.11748766,NA,NA,NA,NA,NA,NA,20.4029098630047,-0.504990907410353,0.49087796191833,3.87271415416864,-0.613186297165655,-0.774417062302283,-0.11068767641232,0.743563735304891,1.12343477711017,0.494580499817712,0.125031058265582,0.00370897
90,8.647,8.651,47.788,47.787,"2022-03-12","17:45:00","BIB02","winter",1.33,1.322,-0.00800000000000001,11,4,6.89845419257325,102.6,3099.39167196709,1.2,7.16537226435185,1.11748766,NA,NA,NA,NA,NA,NA,3.97746257257131,-0.731149566405053,0.49087796191833,3.87271415416864,-0.534007233504794,-0.774417062302283,-0.211979340225947,-1.05300257495389,1.12343477711017,0.494580499817712,0.125031058265582,0.00370897
NA,NA,8.81413,NA,47.68662,"2021-07-20",NA,"Biber","summer",4.14,3.84,-0.3,5,1,0.2181766,645.6,7070.5010870022,0.8,NA,NA,15,0,520,-0.418752582118948,-0.847052076738896,0.270279083118393,NA,0.644404182025912,-0.278509127797843,-0.680497271089695,NA,0.0895506689417457,NA,0.939669025561232,-0.240511749375738,-0.648216144441937,NA,NA
NA,NA,8.81413,NA,47.68662,"2021-07-20",NA,"Biber","winter",NA,NA,NA,5,1,0.2181766,645.6,NA,0.8,NA,NA,NA,NA,NA,NA,NA,NA,NA,NA,-0.278509127797843,-0.680497271089695,NA,0.0895506689417457,NA,NA,-0.240511749375738,-0.648216144441937,NA,NA
2,8.049,8.049,47.531,47.531,"2022-07-01","11:45:00","BK02","summer",6.036,5.52,-0.516,3,1,3.50837636259329,13.8,7491.07950375159,0.5,9.93367068784722,6.08701523,NA,NA,NA,NA,NA,NA,0.385892934625164,1.57253582153663,-0.855549445084973,1.56207048793232,-0.496009349316933,-0.915706812826168,-0.23412766032326,1.15071198088074,-0.695160591537707,-0.648216144441937,0.999164847671413,1.497e-05
2,8.049,8.049,47.53,47.531,"2022-01-31","10:15:00","BK02","winter",1.289,1.268,-0.0209999999999999,3,1,3.50837636259329,13.8,1608.95168485683,0.5,76.017238809838,6.08701523,NA,NA,NA,NA,NA,NA,0.0504271582781725,-0.751219923588565,-0.855549445084973,1.56207048793232,0.411058959109698,-0.915706812826168,-0.236196394649814,-1.80089368652642,-0.695160591537707,-0.648216144441937,0.999164847671413,1.497e-05
1,7.932,7.931,47.532,47.533,"2022-07-01","10:45:00","BM03","summer",4.274,3.831,-0.443,3,3,4.25700364713928,34.5999999999999,6334.20281147006,0.5,45.6777220239583,9.32991769,NA,NA,NA,NA,NA,NA,0.21041134901758,0.709999983552513,-0.855549445084973,2.07232747321756,-0.00538365970663262,-0.88261191630706,-0.235209811783769,0.57020031799902,-0.695160591537707,0.113648285064496,2.21513464295294,0.00095975
1,7.933,7.931,47.532,47.534,"2022-03-08","13:04:00","BM03","winter",0.9663,0.8332,-0.1331,3,3,4.25700364713928,34.5999999999999,2272.42273717686,0.5,108.201128765972,9.32991769,NA,NA,NA,NA,NA,NA,0.0888263479385592,-0.909188320250014,-0.855549445084973,2.07232747321756,0.852817590653458,-0.88261191630706,-0.235959596361096,-1.46796910914851,-0.695160591537707,0.113648285064496,2.21513464295294,0.00095975
32,9.173,9.164,47.48,47.481,"2022-07-08","10:30:00","BR01","summer",4.681,4.11,-0.571,3,5,0.38434967965411,137.6,7536.59543716487,0.45,15.0700543553241,4.36930435,NA,NA,NA,NA,NA,NA,2.53630287728317,0.909234992666891,-0.951722831299495,-0.56723533633228,-0.425506938852538,-0.718728534505707,-0.220866615000004,1.17355151976128,-0.695160591537707,0.875512714570929,0.89566923388617,0.07251072
32,9.171,9.165,47.479,47.481,"2022-03-08","11:30:00","BR01","winter",3.091,3.084,-0.00700000000000012,3,5,0.38434967965411,137.6,3391.62301857242,0.45,48.7501087199074,4.36930435,NA,NA,NA,NA,NA,NA,0.784043835508697,0.130896750672146,-0.951722831299495,-0.56723533633228,0.0367881642781503,-0.718728534505707,-0.231672362364776,-0.906363174146654,-0.695160591537707,0.875512714570929,0.89566923388617,0.07251072
130,7.335,7.335,47.087,47.087,"2022-07-07","19:30:00","BY01","summer",6.80894876240323,4.90948305528296,-1.89946570712027,18,2,2.09578223152844,18.5999999999999,6547.47620802659,0.4,3.67349936342593,0.83523775,NA,NA,NA,NA,NA,NA,1.40647000462474,1.95091040070703,-1.04789621751402,0.599260238255294,-0.581936958480248,-0.908069529014066,-0.22783401439433,0.677219237914587,2.71470572467706,-0.267283929688721,0.231343121898159,9.019e-05
130,7.335,7.335,47.088,47.088,"2022-03-23","10:00:00","BY01","winter",4.12,3.918,-0.202,18,2,2.09578223152844,18.5999999999999,3756.26856198154,0.4,6.90231196180556,0.83523775,NA,NA,NA,NA,NA,NA,0.748541459043978,0.634613763887613,-1.04789621751402,0.599260238255294,-0.537618020125825,-0.908069529014066,-0.231891296724241,-0.723386896571755,2.71470572467706,-0.267283929688721,0.231343121898159,9.019e-05
58,8.637,8.635,47.666,47.665,"2022-07-15","12:15:00","CA01","summer",3.295,5.087,1.792,8,4,3.04609071753357,295.299999999999,7022.92525388483,1.2,3.59659762476852,3.78958579,NA,NA,NA,NA,NA,NA,22.8070488655391,0.230759015682793,0.49087796191833,1.24698114446568,-0.582992517857282,-0.467811939262277,-0.0958619468416083,0.915795845143464,0.441461513867216,0.494580499817712,0.399271299489961,0.00143913
58,8.637,8.635,47.666,47.665,"2021-11-25","10:45:00","CA01","winter",1.714,1.719,0.00500000000000012,8,4,3.04609071753357,295.299999999999,1441.20787882028,1.2,9.21079879513889,3.78958579,NA,NA,NA,NA,NA,NA,8.90560955702003,-0.543173538149718,0.49087796191833,1.24698114446568,-0.505931546370785,-0.467811939262277,-0.181588678787847,-1.88506621453228,0.441461513867216,0.494580499817712,0.399271299489961,0.00143913
10,8.707,8.704,47.534,47.534,"2022-07-04","15:15:00","CB01","summer",8.15,5.555,-2.595,8,1,0.620071021676396,911.799999999999,6005.78123707657,1.8,41.9064170173611,10.97186191,NA,NA,NA,NA,NA,NA,6.04389007232111,2.6073830187548,1.64495859649259,-0.406569990798388,-0.0571488919740571,0.513101700354562,-0.19923619382032,0.405400944349783,0.441461513867216,-0.648216144441937,10.9969714384016,0.0035066999999999997
10,8.718,8.704,47.534,47.534,"2022-01-15","12:00:00","CB01","winter",1.662,1.482,-0.18,8,1,0.620071021676396,911.799999999999,1046.13631287094,1.8,159.371373808449,10.97186191,NA,NA,NA,NA,NA,NA,1.58923005885734,-0.568628625309294,1.64495859649259,-0.406569990798388,1.55518444116573,0.513101700354562,-0.22670697842115,-2.08331003190423,0.441461513867216,-0.648216144441937,10.9969714384016,0.0035066999999999997
120,7.204,7.204,46.165,46.165,"2022-07-27","10:30:00","CDS02","summer",0.7116,1.273,0.5614,3,1,-2.66358874526717e-05,407.6,8167.35177325813,0.4,0.278120164351852,1.20147911,NA,NA,NA,NA,NA,NA,407.098214133744,-1.03386929524125,-1.04789621751402,-0.829222447985882,-0.628542203234672,-0.289131320074974,2.2739664560394,1.49006010877655,-0.695160591537707,-0.648216144441937,1.20647013686308,0.0029683400000000003
120,7.204,7.204,46.165,46.165,"2022-03-01","15:45:00","CDS02","winter",0.6136,0.6119,-0.00170000000000003,3,1,-2.66358874526717e-05,407.6,3967.56750770621,0.4,15.1992669818287,1.20147911,NA,NA,NA,NA,NA,NA,7.44918964563117,-1.08184234411891,-1.04789621751402,-0.829222447985882,-0.423733356071194,-0.289131320074974,-0.190570059533672,-0.617358740618612,-0.695160591537707,-0.648216144441937,1.20647013686308,0.0029683400000000003
132,7.046,7.048,46.842,46.844,"2022-07-11","15:00:00","CH02","summer",3.092,3.463,0.371,3,2,0.629567170684302,198.3,7631.66442572336,0.7,19.3737247447917,9.04805307,NA,NA,NA,NA,NA,NA,2.84319789090333,0.131386271579061,-0.470855900226887,-0.400097509144807,-0.366434417026933,-0.622148716298501,-0.218974069488394,1.22125639358645,-0.695160591537707,-0.267283929688721,1.70499346664272,0.00947191
132,7.046,7.048,46.842,46.844,"2022-03-10","09:00:00","CH02","winter",1.929,1.785,-0.144,3,2,0.629567170684302,198.3,3912.988819769,0.7,72.887094175,9.04805307,NA,NA,NA,NA,NA,NA,0.755735071576317,-0.437926543163007,-0.470855900226887,-0.400097509144807,0.368094345065071,-0.622148716298501,-0.231846935498068,-0.644745898734701,-0.695160591537707,-0.267283929688721,1.70499346664272,0.00947191
106,7.051,7.053,46.855,46.856,"2022-06-15","15:40:00","CH03","summer",4.84095883699157,5.35063434504792,0.50967550805635,3,2,1.22287441497659,107.7,6560.62871144392,0.7,58.9870110222222,18.73705056,NA,NA,NA,NA,NA,NA,0.50717380230363,0.987538187620064,-0.470855900226887,0.00429486616658719,0.177300698918352,-0.766302448251925,-0.23337975126126,0.683819061111642,-0.695160591537707,-0.267283929688721,3.70851356722278,0.00282775
106,7.051,7.053,46.855,46.856,"2022-03-10","10:30:00","CH03","winter",2.144,2.037,-0.107,3,2,1.22287441497659,107.7,3461.5131490578,0.7,159.395048166667,18.73705056,NA,NA,NA,NA,NA,NA,0.187688808471548,-0.332679548176296,-0.470855900226887,0.00429486616658719,1.55550939728828,-0.766302448251925,-0.235349936061499,-0.871292854087673,-0.695160591537707,-0.267283929688721,3.70851356722278,0.00282775
109,7.067,7.069,46.87,46.871,"2022-07-11","12:00:00","CH04","summer",3.508,3.354,-0.154,3,2,0.755824610486699,203.9,6091.14451483813,0.6,60.5860527364583,25.04610027,NA,NA,NA,NA,NA,NA,0.934850288650772,0.335026968855674,-0.66320267265593,-0.314041681454166,0.199249272581298,-0.613238551851049,-0.230742376332585,0.448235568517609,-0.695160591537707,-0.267283929688721,4.45211956976336,0.0037323
109,7.066,7.069,46.87,46.871,"2022-01-15","12:45:00","CH04","winter",0,0,0,3,2,0.755824610486699,203.9,NA,0.6,337.716514057292,25.04610027,NA,NA,NA,NA,NA,NA,0.167711339337349,-1.38221237260191,-0.66320267265593,-0.314041681454166,4.00316401126093,-0.613238551851049,-0.235473132163962,NA,-0.695160591537707,-0.267283929688721,4.45211956976336,0.0037323
165,8.629,8.628,47.41,47.408,"2022-07-15","11:15:00","CHRB01","summer",1.695,1.641,-0.054,8,1,0.286852737314217,3130.59999999999,5854.16549019995,0.8,70.394359669213,22.86493487,NA,NA,NA,NA,NA,NA,12.3534202910213,-0.552474435381102,-0.278509127797843,-0.633688292162032,0.333878873113753,4.04343614249865,-0.16032688423295,0.329321350106405,0.441461513867216,-0.648216144441937,2.8744993483105103,0.00663775
165,8.629,8.628,47.41,47.408,NA,NA,"CHRB01","winter",NA,NA,NA,8,1,0.286852737314217,3130.59999999999,NA,0.8,NA,22.86493487,NA,NA,NA,NA,NA,NA,NA,NA,-0.278509127797843,-0.633688292162032,NA,4.04343614249865,NA,NA,0.441461513867216,-0.648216144441937,2.8744993483105103,0.00663775
NA,NA,8.6280751,NA,47.408358,"2022-07-04",NA,"Chriesbach","summer",3.569,3.157,-0.412,4,1,0.2025555,835.2,5112.67736123043,1.2,NA,22.86493487,60,48,1387,0.123806647011971,0.758945277446766,1.63057348348786,NA,0.364887744177485,0.49087796191833,-0.691144459026044,NA,0.391223379519771,NA,-0.0427515852608512,-0.467836170456722,-0.648216144441937,2.8744993483105103,NA
NA,NA,8.6280751,NA,47.408358,"2022-07-04",NA,"Chriesbach","winter",NA,NA,NA,4,1,0.2025555,835.2,NA,1.2,NA,22.86493487,NA,NA,NA,NA,NA,NA,NA,NA,0.49087796191833,-0.691144459026044,NA,0.391223379519771,NA,NA,-0.467836170456722,-0.648216144441937,2.8744993483105103,NA
NA,NA,6.684178,NA,46.638585,"2022-07-06",NA,"Coruz","summer",3.248,3.238,-0.0100000000000002,11,1,4.6731563,381,6638.09352113556,1,NA,4.57425313,15,53,170,0.180323233379775,-0.847052076738896,-0.278859371471358,NA,0.207751533057791,0.106184417060244,2.35597302348085,NA,-0.331454601200372,NA,0.722690295867201,1.12343477711017,-0.648216144441937,4.59235150242078,NA
NA,NA,6.684178,NA,46.638585,"2022-07-06",NA,"Coruz","winter",NA,NA,NA,11,1,4.6731563,381,NA,1,NA,4.57425313,NA,NA,NA,NA,NA,NA,NA,NA,0.106184417060244,2.35597302348085,NA,-0.331454601200372,NA,NA,1.12343477711017,-0.648216144441937,4.59235150242078,NA
127,7.419,7.422,46.993,46.994,"2022-07-07","15:30:00","CR02","summer",2.12866526005888,2.33200064475214,0.203335384693259,3,2,0.447445628127001,179.199999999999,6640.75165502286,1.2,59.687444569213,15.03497146,NA,NA,NA,NA,NA,NA,0.833974014753733,-0.340186223979577,0.49087796191833,-0.524229759169788,0.186914905455465,-0.652538741467491,-0.231364455320248,0.724024126631857,-0.695160591537707,-0.267283929688721,2.86136996341503,0.0030962600000000004
127,7.417,7.423,46.992,46.994,"2022-03-28","14:20:00","CR02","winter",2.021,1.777,-0.244,3,2,0.447445628127001,179.199999999999,4110.40087364042,1.2,118.504809771528,15.03497146,NA,NA,NA,NA,NA,NA,0.420048585991969,-0.392890619726833,0.49087796191833,-0.524229759169788,0.994246735081977,-0.652538741467491,-0.233917030883805,-0.545686076343617,-0.695160591537707,-0.267283929688721,2.86136996341503,0.0030962600000000004
101,7.11,7.113,46.863,46.863,"2022-06-13","16:30:00","CRA02","summer",5.37465028075549,4.71048551960886,-0.664164761146624,3,1,0.0805286759499457,564.399999999999,7640.43883057432,NA,22.4359102020833,6.09579447,NA,NA,NA,NA,NA,NA,6.98780554769825,1.24879130718412,NA,-0.774316740679488,-0.324402616054765,-0.0396467155463133,-0.193415300951481,1.22565932121462,-0.695160591537707,-0.648216144441937,0.960930406209053,0.003942
101,7.11,7.113,46.863,46.863,"2022-02-19","14:50:00","CRA02","winter",3.786,3.777,-0.0089999999999999,3,1,0.0805286759499457,564.399999999999,1927.59808533208,NA,68.2954750805556,6.09579447,NA,NA,NA,NA,NA,NA,2.29558074810748,0.471113780978025,NA,-0.774316740679488,0.305069416428519,-0.0396467155463133,-0.222351088728471,-1.64099941858473,-0.695160591537707,-0.648216144441937,0.960930406209053,0.003942
103,7.16,7.161,46.886,46.887,"2022-06-14","10:00:00","CRB01","summer",3.21204486983155,2.50693615936752,-0.705108710464024,3,5,2.62878778155684,42.9999999999999,6988.08781339,NA,9.30091196574074,2.71486079,NA,NA,NA,NA,NA,NA,1.2842229330243,0.190150745129485,NA,0.962551572557553,-0.504694645828825,-0.869246669635882,-0.228587881796526,0.898314690369473,-0.695160591537707,0.875512714570929,0.236983967769141,0.00108748
103,7.16,7.161,46.886,46.887,"2022-03-09","15:30:00","CRB01","winter",1.199,1.211,0.012,3,5,2.62878778155684,42.9999999999999,3253.3556273034,NA,23.4408119136574,2.71486079,NA,NA,NA,NA,NA,NA,0.509557624899725,-0.795276805210909,NA,0.962551572557553,-0.310609255291166,-0.869246669635882,-0.233365050817935,-0.975744668097924,-0.695160591537707,0.875512714570929,0.236983967769141,0.00108748
99,7.096,7.096,46.905,46.908,"2022-06-13","13:55:00","CX01","summer",3.9661112302195,4.93359259826442,0.96748136804492,3,1,0.470252372074892,22.5,7885.25886728354,NA,22.2517529666667,6.67552589,NA,NA,NA,NA,NA,NA,0.280876747524681,0.55928199374064,NA,-0.508684907076826,-0.326930372905085,-0.901864235916733,-0.23477526912993,1.34850809806788,-0.695160591537707,-0.648216144441937,1.10253794472982,0.00706942
99,7.096,7.096,46.905,46.908,"2022-04-14","13:20:00","CX01","winter",2.329,2.549,0.22,3,1,0.470252372074892,22.5,5882.95317415668,NA,39.635934971875,6.67552589,NA,NA,NA,NA,NA,NA,0.157685191592803,-0.242118180397033,NA,-0.508684907076826,-0.0883137089904492,-0.901864235916733,-0.235534960932989,0.343766784434653,-0.695160591537707,-0.648216144441937,1.10253794472982,0.00706942
147,6.689,6.694,46.646,46.649,"2022-08-03","14:15:00","CX03_2","summer",3.733,3.577,-0.156,3,5,1.69275429971846,257.2,5387.95281783994,0.65,5.54163081412037,6.47022841,NA,NA,NA,NA,NA,NA,12.8923139849736,0.445169172911534,-0.567029286441408,0.324560368618806,-0.55629483770717,-0.528432879520834,-0.15700366034054,0.0953794827544969,-0.695160591537707,0.875512714570929,5.4415761286574,0.03390467
147,6.689,6.691,46.645,46.647,"2022-04-29","12:50:00","CX03_2","winter",3.044,2.878,-0.166,3,5,1.69275429971846,257.2,4872.32719979645,0.65,46.5796535997685,6.47022841,NA,NA,NA,NA,NA,NA,1.53381227473962,0.107889268047144,-0.567029286441408,0.324560368618806,0.00699632478930847,-0.528432879520834,-0.227048726165299,-0.163357413711559,-0.695160591537707,0.875512714570929,5.4415761286574,0.03390467
148,6.683,6.686,46.637,46.642,"2022-08-03","11:45:00","CX03_3","summer",3.147,3.761,0.614,6,2,0.821638123431663,665.8,5611.41257910598,0.45,3.28245016273148,4.57425313,NA,NA,NA,NA,NA,NA,56.3434127787467,0.158309921459382,-0.951722831299495,-0.269183839107832,-0.587304530889938,0.121690904984341,0.110948500323903,0.207509840695992,-0.0131873282947531,-0.267283929688721,4.59235150242078,0.07540908
148,6.683,6.686,46.637,46.642,"2022-04-29","15:15:00","CX03_3","winter",3.044,3.014,-0.0300000000000002,6,2,0.821638123431663,665.8,5130.99894076796,0.45,32.7715588827546,4.57425313,NA,NA,NA,NA,NA,NA,5.64344360627189,0.107889268047144,-0.951722831299495,-0.269183839107832,-0.182534680776787,0.121690904984341,-0.201705647960424,-0.0335579601537742,-0.0131873282947531,-0.267283929688721,4.59235150242078,0.07540908
63,8.342,8.34,47.552,47.553,"2022-07-18","13:45:00","CZ01_1","summer",1.027,0.911,-0.116,3,2,2.36492935104495,98.3999999999999,7108.73335573759,0.8,9.60052992581018,3.96883151,NA,NA,NA,NA,NA,NA,2.84706506250764,-0.879474401200278,-0.278509127797843,0.78270826457988,-0.500582065894994,-0.781099685637872,-0.218950221599254,0.958853678556143,-0.695160591537707,-0.267283929688721,0.187560755588395,0.00070926
63,8.342,8.34,47.552,47.553,"2022-01-15","10:42:00","CZ01_1","winter",1.92,1.678,-0.242,3,2,2.36492935104495,98.3999999999999,1861.61401358924,0.8,34.1760491138889,3.96883151,NA,NA,NA,NA,NA,NA,0.799780373742067,-0.442332231325242,-0.278509127797843,0.78270826457988,-0.163256536234033,-0.781099685637872,-0.231575319032431,-1.67410970896114,-0.695160591537707,-0.267283929688721,0.187560755588395,0.00070926
64,8.353,8.354,47.545,47.545,"2022-07-18","14:15:00","CZ01_2","summer",1.288,2.605,1.317,3,2,4.296161579236,30.4,6998.60494805714,0.6,4.72679242800926,3.96925828585815,NA,NA,NA,NA,NA,NA,1.78650629852196,-0.75170944449548,-0.66320267265593,2.09901713413981,-0.567479374159053,-0.889294539642649,-0.225490424728992,0.903592106169364,-0.695160591537707,-0.267283929688721,0.190076444334428,0.00027279
64,8.353,8.354,47.545,47.545,"2022-01-22","12:07:00","CZ01_2","winter",2.073,2.109,0.036,3,2,4.296161579236,30.4,1044.75443070185,0.6,14.0436518832176,3.96925828585815,NA,NA,NA,NA,NA,NA,0.601299755552592,-0.367435532567257,-0.66320267265593,2.09901713413981,-0.439595420764106,-0.889294539642649,-0.232799299828551,-2.08400344955301,-0.695160591537707,-0.267283929688721,0.190076444334428,0.00027279
89,8.405,8.402,47.203,47.214,"2022-07-22","14:30:00","DB04","summer",1.64,1.447,-0.193,3,4,0.147728438737147,954.499999999997,7380.34107587187,0.7,5.93260025555556,6.10210312,NA,NA,NA,NA,NA,NA,44.6918513750525,-0.579398085261423,-0.470855900226887,-0.728514044091326,-0.550928360079411,0.581041704266382,0.0390962079790726,1.09514430513598,-0.695160591537707,0.494580499817712,5.66687346114169,0.0387905
89,8.404,8.402,47.204,47.214,"2022-01-25","12:00:00","DB04","winter",0.9467,0.99,0.0432999999999998,3,4,0.147728438737147,954.499999999997,2195.12117699065,0.7,72.3918483564815,6.10210312,NA,NA,NA,NA,NA,NA,3.66255172244333,-0.918782930025547,-0.470855900226887,-0.728514044091326,0.361296561597482,0.581041704266382,-0.213921317415268,-1.50675842658091,-0.695160591537707,0.494580499817712,5.66687346114169,0.0387905
94,8.436,8.434,47.56,47.563,"2022-07-25","11:45:00","DBW01","summer",1.762,1.812,0.05,3,6,2.38446887678951,1845.3,6658.72104202672,1.8,10.5255124162037,4.83725677,NA,NA,NA,NA,NA,NA,48.6991334069614,-0.519676534617801,1.64495859649259,0.796026212918313,-0.487885682713374,1.99839429172896,0.0638081234115924,0.733041024284107,-0.695160591537707,1.25644492932415,0.546483246230422,0.00445458
94,8.436,8.434,47.559,47.563,"2022-03-14","11:00:00","DBW01","winter",1.319,1.554,0.235,3,6,2.38446887678951,1845.3,3819.04419867675,1.8,38.742843574537,4.83725677,NA,NA,NA,NA,NA,NA,13.2304004053594,-0.736534296381117,1.64495859649259,0.796026212918313,-0.100572352494055,1.99839429172896,-0.154918765151499,-0.691886573771988,-0.695160591537707,1.25644492932415,0.546483246230422,0.00445458
100,7.103,7.097,46.882,46.88,"2022-06-13","15:15:00","EC01","summer",3.39700454313425,3.19781720265442,-0.199187340479837,3,1,2.28834816462736,552.2,7058.11452791922,NA,13.1180635282407,3.94913132,NA,NA,NA,NA,NA,NA,11.6929521311336,0.280692372147315,NA,0.730511282025736,-0.452300120091151,-0.0590581452354039,-0.164399827735068,0.93345354723185,-0.695160591537707,-0.648216144441937,3.95419553081116,0.0318117
100,7.103,7.097,46.882,46.88,"2022-04-14","14:50:00","EC01","winter",1.715,1.863,0.148,3,1,2.28834816462736,552.2,4988.68417751833,NA,23.3108445972222,3.94913132,NA,NA,NA,NA,NA,NA,6.58015149340264,-0.542684017242803,NA,0.730511282025736,-0.31239319700648,-0.0590581452354039,-0.195929202502523,-0.104970393663634,-0.695160591537707,-0.648216144441937,3.95419553081116,0.0318117
46,8.584,8.593,47.665,47.667,"2022-07-11","17:00:00","EG01","summer",1.44,2.612,1.172,3,2,0.374847797210543,1759.89999999999,NA,1,3.73384970138889,2.93276922,NA,NA,NA,NA,NA,NA,130.926831610085,-0.67730226664441,0.106184417060244,-0.573711725839149,-0.581108584944666,1.8625142839053,0.570885965207118,NA,-0.695160591537707,-0.267283929688721,0.742412509527383,0.0367126
46,8.584,8.586,47.665,47.667,"2022-04-30","21:05:00","EG01","winter",2.117,2.646,0.529,3,2,0.374847797210543,1759.89999999999,NA,1,9.97956192916667,2.93276922,NA,NA,NA,NA,NA,NA,48.9862295139772,-0.345896612663,0.106184417060244,-0.573711725839149,-0.495379442491103,1.8625142839053,0.0655785739716199,NA,-0.695160591537707,-0.267283929688721,0.742412509527383,0.0367126
NA,NA,8.81127,NA,47.55637,"2021-07-06",NA,"Ellikon","summer",2.339,2.111,-0.228,8,1,3.3324549,560.3,5974.88880646734,1.3,NA,NA,50,19,577,-0.203989553921293,0.402056976516619,0.359710202865867,NA,-0.237222971327884,0.683224734347374,1.44216415135756,NA,-0.0461702288024819,NA,0.389899364636862,0.441461513867216,-0.648216144441937,NA,NA
NA,NA,8.81127,NA,47.55637,"2021-07-06",NA,"Ellikon","winter",NA,NA,NA,8,1,3.3324549,560.3,NA,1.3,NA,NA,NA,NA,NA,NA,NA,NA,NA,NA,0.683224734347374,1.44216415135756,NA,-0.0461702288024819,NA,NA,0.441461513867216,-0.648216144441937,NA,NA
128,7.522,7.522,46.757,46.757,"2022-07-20","11:15:00","FFG01","summer",11.1622552732406,9.39533811446452,-1.76691715877605,3,2,0.171550578857602,32.2999999999999,6055.88778451773,0.5,6.97824391203704,2.7405467,NA,NA,NA,NA,NA,NA,1.28574213445673,4.08194495197081,-0.855549445084973,-0.712277107965924,-0.536575772141805,-0.886271448133692,-0.228578513257695,0.430544017393259,-0.695160591537707,-0.267283929688721,0.285972211568536,0.00032010000000000003
128,7.522,7.522,46.757,46.757,"2022-03-23","11:00:00","FFG01","winter",9.152,7.819,-1.333,3,2,0.171550578857602,32.2999999999999,3072.14564975277,0.5,16.8746625509259,2.7405467,NA,NA,NA,NA,NA,NA,0.53169787515128,3.09788296748356,-0.855549445084973,-0.712277107965924,-0.400736743327749,-0.886271448133692,-0.233228517380179,-1.06667441549496,-0.695160591537707,-0.267283929688721,0.285972211568536,0.00032010000000000003
98,8.41,8.408,47.541,47.543,"2022-07-25","16:30:00","FIB02","summer",2.02,2.008,-0.012,8,6,1.48751804137487,187.2,7400.74660448155,0.6,25.9822623721065,11.28074105,NA,NA,NA,NA,NA,NA,2.00136536438894,-0.393380140633748,-0.66320267265593,0.184673355928463,-0.27572510430162,-0.639809935113987,-0.224165442104027,1.10538363956481,0.441461513867216,1.25644492932415,2.00642599872223,0.00376627
98,8.409,8.408,47.541,47.543,"2021-12-21","11:00:00","FIB02","winter",1.617,0.9375,-0.6795,8,6,1.48751804137487,187.2,1399.20013810915,0.6,95.3118167418982,11.28074105,NA,NA,NA,NA,NA,NA,0.545577681525206,-0.590657066120467,-0.66320267265593,0.184673355928463,0.675897869356368,-0.639809935113987,-0.233142924053181,-1.90614536979301,0.441461513867216,1.25644492932415,2.00642599872223,0.00376627
37,9.132,9.132,47.612,47.61,"2022-07-08","16:45:00","FOB01_2","summer",5.524,6.536,1.012,17,3,1.27841577439301,567.099999999998,6917.56886400769,1.5,5.57341073831019,5.80171913,NA,NA,NA,NA,NA,NA,28.2641608835631,1.32190111719618,1.06791827920546,0.0421513098195201,-0.555858623941842,-0.0353507434020076,-0.0622092890996834,0.862928833913274,2.48738130359608,0.113648285064496,4.84327270409331,0.00959182
37,9.132,9.132,47.612,47.611,"2022-03-11","13:30:00","FOB01_2","winter",3.112,3.198,0.0859999999999999,17,3,1.27841577439301,567.099999999998,3030.11194590477,1.5,37.4022865209491,5.80171913,NA,NA,NA,NA,NA,NA,4.21171517654531,0.14117668971736,1.06791827920546,0.0421513098195201,-0.118972945160339,-0.0353507434020076,-0.210534762456486,-1.08776659885441,2.48738130359608,0.113648285064496,4.84327270409331,0.00959182
38,9.142,9.14,47.62,47.618,"2022-07-08","17:15:00","FOB01_3","summer",4.237,3.505,-0.732,17,4,3.30966514216267,488,7295.37813174293,0.4,0.781341798611111,0.80366585,NA,NA,NA,NA,NA,NA,173.490725565322,0.691887709996661,-1.04789621751402,1.4266308768303,-0.621634943086301,-0.161206816222267,0.833366953449296,1.05251056524937,2.48738130359608,0.494580499817712,0.809365206572881,0.00779196
38,9.142,9.142,47.62,47.62,"2022-03-11","16:30:00","FOB01_3","winter",1.772,2.401,0.629,17,4,3.30966514216267,488,3517.9421443588,0.4,5.0322132505787,0.80366585,NA,NA,NA,NA,NA,NA,26.9375618252996,-0.514781325548652,-1.04789621751402,1.4266308768303,-0.56328714367333,-0.161206816222267,-0.0703900968091552,-0.842977226229077,2.48738130359608,0.494580499817712,0.809365206572881,0.00779196
NA,NA,7.3435361,NA,46.946139,"2022-07-18",NA,"Gaebelbach","summer",1.157,1.207,0.05,5,1,2.9468801,320.4,6782.94802335742,1.2,NA,NA,10,12,184,-0.283112774836218,-1.02549622720397,-0.256893833287768,NA,-0.815836683301336,0.49087796191833,1.17936016449877,NA,-0.427875309328159,NA,0.79537715050067,-0.240511749375738,-0.648216144441937,NA,NA
NA,NA,7.3435361,NA,46.946139,"2022-07-18",NA,"Gaebelbach","winter",NA,NA,NA,5,1,2.9468801,320.4,NA,1.2,NA,NA,NA,NA,NA,NA,NA,NA,NA,NA,0.49087796191833,1.17936016449877,NA,-0.427875309328159,NA,NA,-0.240511749375738,-0.648216144441937,NA,NA
117,7.506,7.502,46.847,46.847,"2022-07-19","16:00:00","GB08","summer",1.06777982234783,1.77604031054648,0.708260488198646,3,1,0.123818019625314,728,7209.01362523521,1,51.7388914711806,22.24000111,NA,NA,NA,NA,NA,NA,3.90851478398728,-0.859511825580735,0.106184417060244,-0.744811150307951,0.0778124338733916,0.220657374382828,-0.212404524155398,1.0091735323389,-0.695160591537707,-0.648216144441937,16.9291479895658,0.00229177
117,7.506,7.502,46.847,46.847,"2022-02-25","16:40:00","GB08","winter",4.888,4.898,0.00999999999999979,3,1,0.123818019625314,728,3218.11358044859,1,283.920384540857,22.24000111,NA,NA,NA,NA,NA,NA,0.712249747580636,1.01056582039828,0.106184417060244,-0.744811150307951,3.26475406175134,0.220657374382828,-0.232115098717073,-0.99342885117425,-0.695160591537707,-0.648216144441937,16.9291479895658,0.00229177
116,7.478,7.481,46.915,46.92,"2022-07-08","15:00:00","GB13","summer",0.465919241982507,1.91592510086141,1.4500058588789,3,4,0.320037988081601,817.699999999998,7827.89819124055,1.2,14.13012956875,3.66619578,NA,NA,NA,NA,NA,NA,16.0747916559255,-1.15413516271752,0.49087796191833,-0.611069552019841,-0.43840842117916,0.363379115621479,-0.137378109045618,1.3197249601104,-0.695160591537707,0.494580499817712,0.480820219749328,0.021359580000000003
116,7.479,7.482,46.914,46.921,"2022-02-26","16:50:00","GB13","winter",0.9696,0.9123,-0.0573,3,4,0.320037988081601,817.699999999998,2770.09380078391,1.2,43.4512092444444,3.66619578,NA,NA,NA,NA,NA,NA,5.22744689592108,-0.907572901257195,0.49087796191833,-0.611069552019841,-0.0359449510835713,0.363379115621479,-0.204270996604352,-1.21824166746855,-0.695160591537707,0.494580499817712,0.480820219749328,0.021359580000000003
110,7.023,7.029,47.036,47.037,"2022-06-30","14:30:00","GC01","summer",5.00279089456869,4.96104968051118,-0.0417412140575086,10,1,0.0739820289977023,511.699999999999,8280.53848719485,NA,11.436380255787,3.14682565,NA,NA,NA,NA,NA,NA,12.4286606172406,1.06675836321312,NA,-0.778778870776181,-0.47538303835062,-0.123497727400015,-0.159862895782963,1.54685631528836,0.896110356029185,-0.648216144441937,0.679760080232018,0.00659242
110,7.023,7.029,47.036,47.037,"2022-02-01","16:15:00","GC01","winter",2.742,2.606,-0.136,10,1,0.0739820289977023,511.699999999999,1961.08953071925,NA,39.7723797430556,3.14682565,NA,NA,NA,NA,NA,NA,3.57380900532378,-0.0399460458411657,NA,-0.778778870776181,-0.086440857216466,-0.123497727400015,-0.214468571764537,-1.62419367361318,0.896110356029185,-0.648216144441937,0.679760080232018,0.00659242
33,9.116,9.114,47.538,47.538,"2022-07-08","11:30:00","GF04","summer",3.66,3.554,-0.106,3,1,1.52431700158048,803.399999999999,7198.55283547352,2.2,19.015301975,10.39824108,NA,NA,NA,NA,NA,NA,11.7361621161773,0.409434146706744,2.41434568620876,0.209755164838926,-0.371354156452872,0.340626374264594,-0.164133362463161,1.00392438997124,-0.695160591537707,-0.648216144441937,5.0035581625829,0.00348151
33,9.115,9.114,47.538,47.538,"2022-03-08","13:00:00","GF04","winter",1.799,1.859,0.06,3,1,1.52431700158048,803.399999999999,3289.75708582376,2.2,100.61261045,10.39824108,NA,NA,NA,NA,NA,NA,2.21807848607179,-0.501564261061949,2.41434568620876,0.209755164838926,0.748656985105847,0.340626374264594,-0.222829025976212,-0.957478701328985,-0.695160591537707,-0.648216144441937,5.0035581625829,0.00348151
NA,NA,8.75723,NA,47.59318,"2021-08-20",NA,"Gile","summer",1.63,1.999,0.369,5,1,2.2094409,133.32,5448.65529459859,0.66,NA,NA,15,0,1622,-0.418752582118948,-0.847052076738896,1.99928073156956,NA,-0.584293294330572,-0.547794609198504,0.676728867469099,NA,-0.72553844590483,NA,0.125839510136247,-0.240511749375738,-0.648216144441937,NA,NA
NA,NA,8.75723,NA,47.59318,"2021-08-20",NA,"Gile","winter",NA,NA,NA,5,1,2.2094409,133.32,NA,0.66,NA,NA,NA,NA,NA,NA,NA,NA,NA,NA,-0.547794609198504,0.676728867469099,NA,-0.72553844590483,NA,NA,-0.240511749375738,-0.648216144441937,NA,NA
17,8.581,8.576,47.412,47.414,"2022-07-06","10:00:00","GL04_1","summer",3.676,3.455,-0.221,5,1,0.186474778590678,864,7047.21234459834,1.2,NA,0.46559308,NA,NA,NA,NA,NA,NA,NA,0.417266481217383,0.49087796191833,-0.702104920389015,NA,0.437047082392382,NA,0.927982917033428,-0.240511749375738,-0.648216144441937,0.470078109105104,0.00733508
17,8.58,8.577,47.412,47.413,"2022-04-26","15:50:00","GL04_1","winter",3.91,3.745,-0.165,5,1,0.186474778590678,864,5548.44193080273,1.2,NA,0.46559308,NA,NA,NA,NA,NA,NA,NA,0.531814373435477,0.49087796191833,-0.702104920389015,NA,0.437047082392382,NA,0.175911662598751,-0.240511749375738,-0.648216144441937,0.470078109105104,0.00733508
18,8.574,8.574,47.414,47.418,"2022-07-06","09:30:00","GL04_2","summer",3.639,3.52,-0.119,8,2,0.138746851203062,41.7,6530.51613765197,0.3,24.75304028125,4.1689331,NA,NA,NA,NA,NA,NA,0.467955984465775,0.39915420766153,-1.24024298994306,-0.734635805711324,-0.292597504420444,-0.871315100668326,-0.233621597827122,0.668708807441358,0.441461513867216,-0.267283929688721,1.20199980073171,0.0059171599999999994
18,8.574,8.573,47.417,47.417,"2022-04-26","14:45:00","GL04_2","winter",3.835,4.005,0.17,8,2,0.138746851203062,41.7,5369.05076459536,0.3,75.7066670590278,4.1689331,NA,NA,NA,NA,NA,NA,0.153002817100664,0.495100305416857,-1.24024298994306,-0.734635805711324,0.406796026573542,-0.871315100668326,-0.235563835976361,0.0858945804878177,0.441461513867216,-0.267283929688721,1.20199980073171,0.0059171599999999994
149,6.779,6.782,46.526,46.529,"2022-07-26","10:00:00","GR01","summer",5.971,7.086,1.115,8,1,0.294776343440416,266.5,5859.728578552,0.4,2.56957547662037,20.18284738,NA,NA,NA,NA,NA,NA,28.8093416408,1.54071696258716,-1.04789621751402,-0.628287640251524,-0.59708950549145,-0.513635642134886,-0.0588472944457012,0.332112864268245,0.441461513867216,-0.648216144441937,15.3236500079421,0.020095400000000003
149,6.779,6.782,46.526,46.529,"2022-04-27","17:20:00","GR01","winter",3.793,3.898,0.105,8,1,0.294776343440416,266.5,5165.76289587135,0.4,129.413164913426,20.18284738,NA,NA,NA,NA,NA,NA,0.572026639077256,0.47454042732643,-1.04789621751402,-0.628287640251524,1.143975684766,-0.513635642134886,-0.232979819885044,-0.0161136797736287,0.441461513867216,-0.648216144441937,15.3236500079421,0.020095400000000003
19,8.703,8.708,47.318,47.322,"2022-07-06","11:15:00","GS09","summer",3.448,6.509,3.061,5,1,0.131320250218697,956.1,7077.04893652474,1,4.2946413,1.28839239,NA,NA,NA,NA,NA,NA,61.8406322626603,0.305655714440778,0.106184417060244,-0.739697703811254,-0.573411114889886,0.583587465537088,0.144848490870803,0.942954685165224,-0.240511749375738,-0.648216144441937,1.29645446560738,0.010086399999999999
19,8.702,8.708,47.317,47.322,"2022-03-19","16:45:00","GS09","winter",1.959,3.927,1.968,5,1,0.131320250218697,956.1,3894.92127406458,1,12.3620056864583,1.28839239,NA,NA,NA,NA,NA,NA,21.4838384700195,-0.423240915955559,0.106184417060244,-0.739697703811254,-0.462677830119645,0.583587465537088,-0.104021857507526,-0.653812051654058,-0.240511749375738,-0.648216144441937,1.29645446560738,0.010086399999999999
39,9.089,9.073,47.571,47.572,"2022-07-08","14:30:00","GW02","summer",3.736,4.124,0.387999999999999,3,6,0.277651413508437,2042.6,6570.35111244003,1,45.6804473445602,34.92735089,NA,NA,NA,NA,NA,NA,12.4208260179496,0.446637735632279,0.106184417060244,-0.639959823861038,-0.00534625173944052,2.31231847842224,-0.159911209815663,0.688697685780209,-0.695160591537707,1.25644492932415,34.961955573588,0.12638509
39,9.089,9.073,47.571,47.572,"2022-03-08","14:30:00","GW02","winter",2.128,2.13,0.00199999999999978,3,6,0.277651413508437,2042.6,2285.19371744186,1,278.529453277893,34.92735089,NA,NA,NA,NA,NA,NA,2.03708757623846,-0.340511882686935,0.106184417060244,-0.639959823861038,3.19075771075962,2.31231847842224,-0.223945152074211,-1.46156073128099,-0.695160591537707,1.25644492932415,34.961955573588,0.12638509
35,9.083,9.075,47.566,47.571,"2022-07-08","13:30:00","GW05","summer",3.562,2.294,-1.268,7,5,0.198123547983559,449.599999999999,6955.64522810026,0.4,12.7735117545139,3.45965961,NA,NA,NA,NA,NA,NA,9.77717727818708,0.36146109782908,-1.04789621751402,-0.694165233878258,-0.457029465122625,-0.222305086719084,-0.176213936594087,0.882035255179551,0.214137092786231,0.875512714570929,3.47112765143826,0.11755442999999999
35,9.081,9.076,47.567,47.571,"2022-03-11","10:00:00","GW05","winter",2.029,1.786,-0.243,7,5,0.198123547983559,449.599999999999,2756.8315037553,0.4,25.8273200052083,3.45965961,NA,NA,NA,NA,NA,NA,4.83553418874678,-0.388974452471514,-1.04789621751402,-0.694165233878258,-0.277851855544629,-0.222305086719084,-0.206687825167828,-1.22489658423978,0.214137092786231,0.875512714570929,3.47112765143826,0.11755442999999999
NA,NA,7.2269857,NA,46.994524,"2022-07-14",NA,"Haslibach","summer",7.889,5.703,-2.186,8,1,0.5011242,622.8,6332.99486902462,1.2,NA,NA,15,25,2231,-0.136169650279928,-0.847052076738896,2.95478164255572,NA,2.47961806205,0.49087796191833,-0.487642973163258,NA,0.0532735708342615,NA,0.569594181941179,0.441461513867216,-0.648216144441937,NA,NA
NA,NA,7.2269857,NA,46.994524,"2022-07-14",NA,"Haslibach","winter",NA,NA,NA,8,1,0.5011242,622.8,NA,1.2,NA,NA,NA,NA,NA,NA,NA,NA,NA,NA,0.49087796191833,-0.487642973163258,NA,0.0532735708342615,NA,NA,0.441461513867216,-0.648216144441937,NA,NA
NA,NA,8.84661,NA,47.68318,"2021-07-09",NA,"Hemishofen","summer",2.286,2.45,0.164,14,1,9.8944187,746.4,5970.57362239938,2.4,NA,NA,75,0,664,-0.418752582118948,1.29427772884199,0.496210333006749,NA,-0.263167579394376,2.79903923106685,5.91473406065418,NA,0.249933628995886,NA,0.387734039070494,1.80540804035312,-0.648216144441937,NA,NA
NA,NA,8.84661,NA,47.68318,"2021-07-09",NA,"Hemishofen","winter",NA,NA,NA,14,1,9.8944187,746.4,NA,2.4,NA,NA,NA,NA,NA,NA,NA,NA,NA,NA,2.79903923106685,5.91473406065418,NA,0.249933628995886,NA,NA,1.80540804035312,-0.648216144441937,NA,NA
50,8.124,8.129,47.384,47.392,"2022-07-13","13:30:00","HEUD02","summer",1.422,2.033,0.611,3,8,0.634263430096767,1751.6,6509.96761295451,1,16.714626365162,4.31087677,NA,NA,NA,NA,NA,NA,29.1095681665772,-0.686113642968879,0.106184417060244,-0.396896584974144,-0.402933412733371,1.84930814731356,-0.056995871846411,0.658397718695708,-0.695160591537707,2.01830935883058,0.885373539505772,0.010219879999999999
50,8.124,8.128,47.387,47.392,"2022-03-03","16:15:00","HEUD02","winter",1.537,1.534,-0.00299999999999989,3,8,0.634263430096767,1751.6,2459.16661683973,1,45.7531712741898,4.31087677,NA,NA,NA,NA,NA,NA,10.6343569637987,-0.629818738673661,0.106184417060244,-0.396896584974144,-0.00434803730117793,1.84930814731356,-0.170927921850768,-1.37426249301617,-0.695160591537707,2.01830935883058,0.885373539505772,0.010219879999999999
115,7.234,7.235,46.934,46.936,"2022-07-06","14:30:00","HMK01","summer",2.32620969359939,3.05997172011662,0.733762026517229,3,2,0.415012611031897,912.9,7972.66371348988,0.6,5.62695228333333,2.45539736,NA,NA,NA,NA,NA,NA,45.0658403634292,-0.243484093716831,-0.66320267265593,-0.546335784248327,-0.555123708439322,0.514851911228171,0.041402505409567,1.39236716529059,-0.695160591537707,-0.267283929688721,2.29777548915501,0.00089701
115,7.234,7.234,46.933,46.935,"2022-02-20","08:50:00","HMK01","winter",2.501,2.312,-0.189,3,2,0.415012611031897,912.9,3178.22973971379,0.6,23.4740534648148,2.45539736,NA,NA,NA,NA,NA,NA,10.8027074963184,-0.157920584407665,-0.66320267265593,-0.546335784248327,-0.310152979117909,0.514851911228171,-0.169889745827838,-1.01344225006243,-0.695160591537707,-0.267283929688721,2.29777548915501,0.00089701
59,8.636,8.631,47.647,47.647,"2022-07-15","13:00:00","HOB01","summer",2.298,2.392,0.0939999999999999,11,3,3.87926961107449,349.8,6383.81342368905,2,2.67754889131944,1.76595591,NA,NA,NA,NA,NA,NA,36.2894089372856,-0.257293328511396,2.02965214135068,1.81486767384766,-0.595607453819462,-0.381096945979034,-0.0127195727160041,0.595094534632453,1.12343477711017,0.113648285064496,0.432375329906038,0.00031285000000000004
59,8.636,8.635,47.647,47.647,"2021-11-25","13:30:00","HOB01","winter",2.17,2.223,0.0529999999999999,11,3,3.87926961107449,349.8,903.224904690428,2,5.64124804583333,1.76595591,NA,NA,NA,NA,NA,NA,17.2243209086391,-0.319952004596508,2.02965214135068,1.81486767384766,-0.554927483667006,-0.381096945979034,-0.130289246955536,-2.15502185716715,1.12343477711017,0.113648285064496,0.432375329906038,0.00031285000000000004
80,9.422,9.418,46.774,46.778,"2022-07-21","08:45:00","HR05","summer",1.114,1.037,-0.0770000000000002,3,3,0.315060455826225,393.299999999998,6572.85140626003,0.4,18.2188286729167,2.27143838,NA,NA,NA,NA,NA,NA,5.99654357375928,-0.836886082298678,-1.04789621751402,-0.614462188990491,-0.382286612301716,-0.311884061431864,-0.199528167946217,0.689952313635385,-0.695160591537707,0.113648285064496,2.05692479906263,0.01226421
80,9.422,9.417,46.772,46.778,"2022-03-08","16:20:00","HR05","winter",1.218,NA,NA,3,3,0.315060455826225,393.299999999998,3786.86916483524,0.4,28.5244287303241,2.27143838,NA,NA,NA,NA,NA,NA,3.83005041162689,-0.785975907979525,-1.04789621751402,-0.614462188990491,-0.24083112681495,-0.311884061431864,-0.212888394499136,-0.708031753740801,-0.695160591537707,0.113648285064496,2.05692479906263,0.01226421
20,8.732,8.73,47.394,47.397,"2022-07-06","13:00:00","KP01","summer",3.794,4.347,0.553,3,2,0.160792827214912,622.999999999999,6562.96224982045,0.8,13.3803219708333,4.18862253,NA,NA,NA,NA,NA,NA,12.9335867950551,0.475029948233345,-0.278509127797843,-0.719609485552156,-0.448700339863577,0.0535917909930977,-0.156749141146664,0.684990012391407,-0.695160591537707,-0.267283929688721,0.622389003705855,0.01575465
20,8.731,8.731,47.396,47.397,"2022-01-27","15:30:00","KP01","winter",2.661,2.685,0.024,3,2,0.160792827214912,622.999999999999,1063.22731424362,0.8,52.6001787621528,4.18862253,NA,NA,NA,NA,NA,NA,3.29001839210617,-0.0795972393012754,-0.278509127797843,-0.719609485552156,0.0896345316852005,0.0535917909930977,-0.216218638163292,-2.0747339012817,-0.695160591537707,-0.267283929688721,0.622389003705855,0.01575465
27,8.996,8.99,47.523,47.522,"2022-07-07","11:45:00","LA04","summer",3.969,4.415,0.446,3,1,0.261663565570943,1426.09999999999,6487.60795923877,1.1,46.5512075777778,27.36070976,NA,NA,NA,NA,NA,NA,8.50974463394997,0.560696106943458,0.298531189489287,-0.650856983580152,0.00660587243054699,1.33140483880538,-0.184029879687537,0.64717781959446,-0.695160591537707,-0.648216144441937,22.265199515797,0.0128978
27,8.991,8.991,47.524,47.524,"2022-01-16","15:00:00","LA04","winter",2.487,2.549,0.0619999999999998,3,1,0.261663565570943,1426.09999999999,1081.25151272023,1.1,442.39480942963,27.36070976,NA,NA,NA,NA,NA,NA,0.895441990830814,-0.164773877104474,0.298531189489287,-0.650856983580152,5.43998661347107,1.33140483880538,-0.230985397541303,-2.06568949966174,-0.695160591537707,-0.648216144441937,22.265199515797,0.0128978
4,8.149,8.158,47.456,47.46,"2022-07-01","15:30:00","LAB01","summer",6.033,6.052,0.0189999999999992,11,17,2.57557788332725,761.499999999999,7129.15284912679,2,7.65742355150463,3.07721579,NA,NA,NA,NA,NA,NA,27.6238837195069,1.57106725881588,2.02965214135068,0.926284229891257,-0.527253298428636,0.273959250988122,-0.0661577197331,0.969100020401954,1.12343477711017,5.44669929160953,0.580257769842468,0.01510087
4,8.149,8.156,47.456,47.459,"2022-02-05","09:10:00","LAB01","winter",2.468,2.475,0.00700000000000012,11,17,2.57557788332725,761.499999999999,1983.91071797432,2,35.1529164899306,3.07721579,NA,NA,NA,NA,NA,NA,6.01736068864639,-0.174074774335858,2.02965214135068,0.926284229891257,-0.149847976988147,0.273959250988122,-0.199399793956429,-1.61274218059688,1.12343477711017,5.44669929160953,0.580257769842468,0.01510087
93,8.483,8.48,47.59,47.588,"2022-07-25","10:00:00","LAN02","summer",2.719,5.953,3.234,5,2,0.481700590303533,861.2,7608.97853687612,1.2,28.9825523777778,12.27496336,NA,NA,NA,NA,NA,NA,8.25400810473975,-0.0512050267002093,0.49087796191833,-0.500881914264753,-0.234542885217902,0.432592000168656,-0.185606943500996,1.20987279225147,-0.240511749375738,-0.267283929688721,12.3079867930422,0.00545227
93,8.483,8.478,47.59,47.585,"2022-03-14","17:45:00","LAN02","winter",1.605,2.1,0.495,5,2,0.481700590303533,861.2,4343.22145459683,1.2,97.7450786074074,12.27496336,NA,NA,NA,NA,NA,NA,2.44740937989376,-0.596531317003446,0.49087796191833,-0.500881914264753,0.709297015120291,0.432592000168656,-0.221414799173839,-0.428858532400668,-0.240511749375738,-0.267283929688721,12.3079867930422,0.00545227
NA,NA,7.3233541,NA,47.169178,"2022-07-20",NA,"Leugene","summer",2.069,2.088,0.0190000000000001,5,1,0.0729226,227,6622.74158673473,1,NA,10.14573377,20,239,532,2.28274024626208,-0.668607926273822,0.289106687275756,NA,-0.369393616194916,0.106184417060244,-0.779500967148636,NA,-0.576484123505308,NA,0.714986815429799,-0.240511749375738,-0.648216144441937,2.22841198715869,NA
NA,NA,7.3233541,NA,47.169178,"2022-07-20",NA,"Leugene","winter",NA,NA,NA,5,1,0.0729226,227,NA,1,NA,10.14573377,NA,NA,NA,NA,NA,NA,NA,NA,0.106184417060244,-0.779500967148636,NA,-0.576484123505308,NA,NA,-0.240511749375738,-0.648216144441937,2.22841198715869,NA
43,8.423,8.418,47.691,47.693,"2022-07-11","14:30:00","LOCH01","summer",1.312,1.561,0.249,3,8,2.30931448647765,252.7,6369.72152995425,1.1,3.98735363888889,1.43544731,NA,NA,NA,NA,NA,NA,17.6042685955502,-0.739960942729521,0.298531189489287,0.744801720539925,-0.57762896974981,-0.53559283309468,-0.127946203707528,0.588023332731922,-0.695160591537707,2.01830935883058,0.137590896457362,0.029352919999999998
43,8.424,8.419,47.688,47.692,"2022-03-20","14:15:00","LOCH01","winter",1.288,1.44,0.152,3,8,2.30931448647765,252.7,3631.11911747375,1.1,10.3671194611111,1.43544731,NA,NA,NA,NA,NA,NA,6.77087253675006,-0.75170944449548,0.298531189489287,0.744801720539925,-0.490059797004196,-0.53559283309468,-0.194753073081914,-0.786185907585334,-0.695160591537707,2.01830935883058,0.137590896457362,0.029352919999999998
NA,NA,9.18055,NA,47.62013,"2021-07-14",NA,"Logge","summer",8.074,11.23,3.156,9,1,1.9103481,855,6060.17123976732,1.8,NA,NA,40,0,414,-0.418752582118948,0.0451686755864717,0.103968579728354,NA,2.57017942982926,1.64495859649259,0.472870160207216,NA,0.422727175244691,NA,0.432693421687087,0.6687859349482,-0.648216144441937,NA,NA
NA,NA,9.18055,NA,47.62013,"2021-07-14",NA,"Logge","winter",NA,NA,NA,9,1,1.9103481,855,NA,1.8,NA,NA,NA,NA,NA,NA,NA,NA,NA,NA,1.64495859649259,0.472870160207216,NA,0.422727175244691,NA,NA,0.6687859349482,-0.648216144441937,NA,NA
118,7.3,7.324,47.163,47.169,"2022-07-01","10:20:00","LU01","summer",6.36314753978987,6.00066763654926,-0.362479903240608,3,3,0.108161947204768,2679.9,6909.68168117552,0.9,68.8124998752315,10.14573377,NA,NA,NA,NA,NA,NA,10.8180442218553,1.73268138190955,-0.0861623553687996,-0.755482175101764,0.312166139853858,3.32632701455818,-0.169795168041333,0.858971107344917,-0.695160591537707,0.113648285064496,2.22841198715869,0.07309539999999999
118,7.3,7.323,47.163,47.169,"2022-02-28","12:00:00","LU01","winter",1.73,2.351,0.621,3,3,0.108161947204768,2679.9,2925.08796982299,0.9,146.549487788889,10.14573377,NA,NA,NA,NA,NA,NA,5.07962653365961,-0.535341203639079,-0.0861623553687996,-0.755482175101764,1.37919021456568,3.32632701455818,-0.205182568153927,-1.14046680744574,-0.695160591537707,0.113648285064496,2.22841198715869,0.07309539999999999
119,7.361,7.361,47.169,47.17,"2022-07-01","13:30:00","LU02","summer",7.88293466453674,6.56610603349631,-1.31682863104044,17,2,1.98941787941787,130.299999999999,8005.64225592092,1,NA,0.01103088,NA,NA,NA,NA,NA,NA,NA,2.47664895353328,0.106184417060244,0.52676334324475,NA,-0.73034357030328,NA,1.4089155395761,2.48738130359608,-0.267283929688721,0.0121116394488403,0.0008462999999999999
119,7.361,7.361,47.169,47.17,"2022-02-28","13:45:00","LU02","winter",1.429,1.48,0.0509999999999999,17,2,1.98941787941787,130.299999999999,2844.7197608499,1,NA,0.01103088,NA,NA,NA,NA,NA,NA,NA,-0.682686996620474,0.106184417060244,0.52676334324475,NA,-0.73034357030328,NA,-1.18079494521968,2.48738130359608,-0.267283929688721,0.0121116394488403,0.0008462999999999999
5,8.609,8.606,47.566,47.569,"2022-07-04","09:30:00","LW02","summer",5.893,5.361,-0.532,8,3,1.9720551912103,1499.39999999999,6827.15909400432,1.5,15.1835528212963,6.18801398,NA,NA,NA,NA,NA,NA,27.4309975341093,1.50253433184779,1.06791827920546,0.514929105935839,-0.423949049887638,1.44803252701936,-0.0673472010482887,0.817561919465456,0.441461513867216,0.113648285064496,1.10985576029378,0.00468818
5,8.609,8.607,47.566,47.568,"2022-03-30","11:30:00","LW02","winter",2.572,3.11,0.538,8,3,1.9720551912103,1499.39999999999,4408.60929251505,1.5,35.810266087963,6.18801398,NA,NA,NA,NA,NA,NA,11.6307429544623,-0.123164600016704,1.06791827920546,0.514929105935839,-0.140825144158789,1.44803252701936,-0.164783456314436,-0.396047427487416,0.441461513867216,0.113648285064496,1.10985576029378,0.00468818
124,6.843,6.844,46.828,46.828,"2022-07-11","16:30:00","LY01","summer",2.409,3.18,0.771,3,3,6.23900649167369,27.0999999999999,7981.09627617898,0.6,3.71330670740741,1.32574256,NA,NA,NA,NA,NA,NA,2.0272437401309,-0.202956507843839,-0.66320267265593,3.42324109493015,-0.581390559712833,-0.894545172263469,-0.224005856572543,1.39659855919943,-0.695160591537707,0.113648285064496,0.0518749302910186,0.00043087
124,6.844,6.844,46.828,46.828,"2022-03-18","16:30:00","LY01","winter",1.278,1.267,-0.0110000000000001,3,3,6.23900649167369,27.0999999999999,4559.67373538143,0.6,12.2600498314815,1.32574256,NA,NA,NA,NA,NA,NA,0.614008742317494,-0.756604653564629,-0.66320267265593,3.42324109493015,-0.464077284288605,-0.894545172263469,-0.232720926655995,-0.320244473278255,-0.695160591537707,0.113648285064496,0.0518749302910186,0.00043087
7,8.688,8.69,47.553,47.552,"2022-07-04","11:30:00","MAED01","summer",4.194,5.792,1.598,7,2,0.585132089645667,442.399999999999,8144.86800154429,0.8,2.928294053125,1.33864871,NA,NA,NA,NA,NA,NA,41.9660343734075,0.670838310999318,-0.278509127797843,-0.430384022820874,-0.592165705799057,-0.233761012437237,0.0222867698879161,1.47877792823602,0.214137092786231,-0.267283929688721,0.24962389152359,0.0008816399999999999
7,8.689,8.689,47.552,47.552,"2022-01-06","12:00:00","MAED01","winter",1.768,1.798,0.03,7,2,0.585132089645667,442.399999999999,1733.43141878723,0.8,25.8433570402778,1.33864871,NA,NA,NA,NA,NA,NA,4.75514418259833,-0.516739409176311,-0.278509127797843,-0.430384022820874,-0.277631729926627,-0.233761012437237,-0.207183570418035,-1.73843073103503,0.214137092786231,-0.267283929688721,0.24962389152359,0.0008816399999999999
145,7.268,7.256,46.963,46.964,"2022-07-06","10:30:00","MD01","summer",2.56767974844097,2.12578142902442,-0.441898319416552,11,10,2.52798106903101,2548.8,6619.29896915922,1.7,10.4009185972222,4.27923508,NA,NA,NA,NA,NA,NA,68.07091060102,-0.125279453477982,1.45261182406355,0.893842709960936,-0.489595867375548,3.11773370044015,0.183269073747837,0.713259336894914,1.12343477711017,2.78017378833701,0.674545468221775,0.02313672
145,7.27,7.258,46.963,46.964,"2022-04-27","14:42:00","MD01","winter",1.291,1.557,0.266,11,10,2.52798106903101,2548.8,5452.18222198664,1.7,22.4857954435185,4.27923508,NA,NA,NA,NA,NA,NA,31.4865445511325,-0.750240881774735,1.45261182406355,0.893842709960936,-0.3237178872659,3.11773370044015,-0.0423376474108711,0.127609294674702,1.12343477711017,2.78017378833701,0.674545468221775,0.02313672
126,7.658,7.661,47.242,47.241,"2022-07-18","10:15:00","MKEM01","summer",1.90250129058278,1.60231903704451,-0.300182253538266,3,2,0.114863878168348,419.399999999999,6949.78349424567,0.9,54.572199403125,7.59265383,NA,NA,NA,NA,NA,NA,2.13478659966431,-0.450898215429,-0.0861623553687996,-0.750914204952052,0.116702643741242,-0.270356330703558,-0.223342666402997,0.879093883043695,-0.695160591537707,-0.267283929688721,1.78295007783907,0.00124402
126,7.653,7.661,47.244,47.241,"2022-03-22","12:30:00","MKEM01","winter",0.7662,0.8176,0.0514,3,2,0.114863878168348,419.399999999999,4142.70543151753,0.9,98.7748021402778,7.59265383,NA,NA,NA,NA,NA,NA,1.17945060355119,-1.00714145372369,-0.0861623553687996,-0.750914204952052,0.723431082175865,-0.270356330703558,-0.229233986793627,-0.529475902228244,-0.695160591537707,-0.267283929688721,1.78295007783907,0.00124402
150,6.612,6.608,46.624,46.622,"2022-08-04","10:40:00","MO03","summer",4.896,6.83,1.934,11,5,0.299504971991835,352.599999999999,6443.00738747579,1.1,6.30442432152778,7.36084137,NA,NA,NA,NA,NA,NA,15.535826817683,1.0144819876536,0.298531189489287,-0.625064653594493,-0.54582467339695,-0.37664186375531,-0.140701771667239,0.624797602020415,1.12343477711017,0.875512714570929,1.52783281863057,0.01592915
150,6.612,6.608,46.624,46.622,"2022-04-30","13:30:00","MO03","winter",2.093,2.306,0.213,11,5,0.299504971991835,352.599999999999,6091.64187271779,1.1,39.4452494711806,7.36084137,NA,NA,NA,NA,NA,NA,2.48304791470528,-0.357645114428958,0.298531189489287,-0.625064653594493,-0.0909310733288443,-0.37664186375531,-0.221195025159585,0.448485138806037,1.12343477711017,0.875512714570929,1.52783281863057,0.01592915
11,8.663,8.647,47.501,47.507,"2022-07-04","16:30:00","MS03","summer",3.554,3.44,-0.114,17,12,1.78362959521743,1332.4,6674.70114177443,1.6,22.0150694083333,7.37248836,NA,NA,NA,NA,NA,NA,16.8117167493923,0.357544930573761,1.2602650516345,0.386500075166275,-0.3301791102386,1.18231869438999,-0.132833674577357,0.74105971317243,2.48738130359608,3.54203821784344,1.52158234256997,0.040468040000000004
11,8.662,8.647,47.501,47.507,"2022-02-23","14:00:00","MS03","winter",1.8,1.93,0.13,17,12,1.78362959521743,1332.4,1946.63715910831,1.6,99.6651204222222,7.37248836,NA,NA,NA,NA,NA,NA,3.71354702169794,-0.501074740155034,1.2602650516345,0.386500075166275,0.73565166167717,1.18231869438999,-0.213606842039539,-1.63144576048849,2.48738130359608,3.54203821784344,1.52158234256997,0.040468040000000004
143,7.529,7.529,47.158,47.159,"2022-07-05","15:00:00","MUE01","summer",5.24852955290138,4.61514196173766,-0.633387591163725,18,1,0.327131782945776,391.5,7516.31393191097,1.45,67.2352984236111,9.52316358,NA,NA,NA,NA,NA,NA,1.61745396465452,1.1870525741042,0.971744892990939,-0.606234491294235,0.290517347371461,-0.314748042861399,-0.226532928586953,1.16337441928096,2.71470572467706,-0.648216144441937,1.21946756867105,0.00054745
143,7.528,7.529,47.158,47.16,"2022-04-18","16:10:00","MUE01","winter",1.197,1.135,-0.062,18,1,0.327131782945776,391.5,5934.32186430692,1.45,110.11157889375,9.52316358,NA,NA,NA,NA,NA,NA,0.987634552992253,-0.796255847024739,0.971744892990939,-0.606234491294235,0.87904058095171,-0.314748042861399,-0.230416868852406,0.369543190803739,2.71470572467706,-0.648216144441937,1.21946756867105,0.00054745
77,9.491,9.492,47.079,47.082,"2022-07-20","14:15:00","MUE01_3","summer",0.8344,1.987,1.1526,3,2,0.292331479248511,311.599999999999,6791.23609092019,0.7,0.0602363333333333,0.2168508,NA,NA,NA,NA,NA,NA,1436.93267444713,-0.973756127872094,-0.470855900226887,-0.629954035609729,-0.631532894016844,-0.441876996317014,8.6247004173913,0.799536037886887,-0.695160591537707,-0.267283929688721,0.219007344610273,0.01119158
77,9.492,9.492,47.078,47.082,"2022-03-14","15:30:00","MUE01_3","winter",0.9102,0.8913,-0.0189,3,2,0.292331479248511,311.599999999999,3826.11826716355,0.7,1.65147947222222,0.2168508,NA,NA,NA,NA,NA,NA,52.4109182169164,-0.936650443127942,-0.470855900226887,-0.629954035609729,-0.609691364218953,-0.441876996317014,0.0866977806897516,-0.688336861613372,-0.695160591537707,-0.267283929688721,0.219007344610273,0.01119158
76,9.497,9.499,47.082,47.086,"2022-07-20","13:00:00","MUE01_6","summer",0.8494,0.8156,-0.0338,3,3,0.278478719782085,637.499999999997,6340.93512112978,0.8,0.114198805555556,0.4111157,NA,NA,NA,NA,NA,NA,1550.65836697552,-0.96641331426837,-0.278509127797843,-0.639395940051546,-0.630792200834134,0.076662752508819,9.32601858613712,0.573578538255053,-0.695160591537707,0.113648285064496,0.414631030843883,0.01474185
76,9.498,9.5,47.082,47.086,"2022-03-14","16:30:00","MUE01_6","winter",1.009,1.138,0.129,3,3,0.278478719782085,637.499999999997,3274.89759416653,0.8,3.01199349652778,0.4111157,NA,NA,NA,NA,NA,NA,58.7927342929106,-0.888285777524746,-0.278509127797843,-0.639395940051546,-0.5910168405864,0.076662752508819,0.126052859249256,-0.964935077854736,-0.695160591537707,0.113648285064496,0.414631030843883,0.01474185
75,9.503,9.505,47.086,47.089,"2022-07-20","12:30:00","MUE02","summer",0.7592,0.8152,0.056,3,1,0.129993119915822,462.3,6363.69785317513,1,NA,0.23651261,NA,NA,NA,NA,NA,NA,NA,-1.0105681000721,0.106184417060244,-0.740602262757213,NA,-0.202098106632896,NA,0.585000698904964,-0.695160591537707,-0.648216144441937,0.240510732783058,0.00992913
75,9.503,9.505,47.086,47.089,"2022-03-15","08:30:00","MUE02","winter",0.9683,0.9145,-0.0538000000000001,3,1,0.129993119915822,462.3,3240.99471396354,1,NA,0.23651261,NA,NA,NA,NA,NA,NA,NA,-0.908209278436184,0.106184417060244,-0.740602262757213,NA,-0.202098106632896,NA,-0.98194727759428,-0.695160591537707,-0.648216144441937,0.240510732783058,0.00992913
74,9.506,9.508,47.108,47.111,"2022-07-20","11:45:00","MUE03","summer",1.586,0.835,-0.751,3,1,0.57686592449178,434.199999999999,5927.38774376535,0.4,74.0601903729167,16.11788526,NA,NA,NA,NA,NA,NA,1.62855524005266,-0.605832214234829,-1.04789621751402,-0.436018159591418,0.384196356716465,-0.246808038949577,-0.226464469772063,0.366063703427888,-0.695160591537707,-0.648216144441937,16.1381361929632,0.0109194
74,9.506,9.508,47.108,47.111,"2022-03-15","10:30:00","MUE03","winter",2.281,2.25,-0.0310000000000001,3,1,0.57686592449178,434.199999999999,2940.09636030736,0.4,156.328563054167,16.11788526,NA,NA,NA,NA,NA,NA,0.771523186516594,-0.26561518392895,-1.04789621751402,-0.436018159591418,1.51341857890698,-0.246808038949577,-0.23174957410495,-1.13293571465479,-0.695160591537707,-0.648216144441937,16.1381361929632,0.0109194
144,7.498,7.499,47.147,47.147,"2022-07-05","13:50:00","MUE03_B","summer",3.61350577106014,4.07013403445724,0.456628263397103,3,1,1.84762392724475,162.4,6190.30984844185,1.2,43.356324296875,6.03218425,NA,NA,NA,NA,NA,NA,1.04047360662358,0.386674249589794,0.49087796191833,0.430117981712929,-0.0372473494154545,-0.679269234809847,-0.230091023500251,0.497995956201612,-0.695160591537707,-0.648216144441937,0.762716399704237,0.00083825
144,7.498,7.499,47.147,47.147,"2022-04-18","15:24:00","MUE03_B","winter",0.955,1.093,0.138,3,1,1.84762392724475,162.4,4650.88832792985,1.2,70.8642015480324,6.03218425,NA,NA,NA,NA,NA,NA,0.636585329766742,-0.914719906498153,0.49087796191833,0.430117981712929,0.340327960085903,-0.679269234809847,-0.23258170243485,-0.274473705181151,-0.695160591537707,-0.648216144441937,0.762716399704237,0.00083825
73,9.5,9.502,47.117,47.132,"2022-07-20","10:15:00","MUE05_1","summer",1.887,0.72,-1.167,3,9,0.205067557340491,1188.6,6732.01853289863,0.8,7.55849464930555,4.50382026,NA,NA,NA,NA,NA,NA,43.6815373940894,-0.458486421253434,-0.278509127797843,-0.689432265479424,-0.528611204403182,0.953518400185772,0.0328658519774117,0.769821131096696,-0.695160591537707,2.3992415735838,4.23190457534977,0.10678293
73,9.5,9.502,47.117,47.132,"2022-03-15","13:00:00","MUE05_1","winter",1.985,1.67,-0.315,3,9,0.205067557340491,1188.6,3747.90984234623,0.8,26.0637746527778,4.50382026,NA,NA,NA,NA,NA,NA,12.667645844286,-0.410513372375771,-0.278509127797843,-0.689432265479424,-0.274606260258453,0.953518400185772,-0.158389133099593,-0.727581236614588,-0.695160591537707,2.3992415735838,4.23190457534977,0.10678293
72,9.505,9.502,47.126,47.132,"2022-07-20","09:30:00","MUE05_14","summer",0.6084,0.667,0.0586,3,5,0.239773780826997,461.099999999999,6665.75637257348,0.45,NA,0.1525061,NA,NA,NA,NA,NA,NA,NA,-1.08438785283487,-0.951722831299495,-0.665776845309159,NA,-0.204007427585923,NA,0.736571298047828,-0.695160591537707,0.875512714570929,0.156295897109631,0.0312838
72,9.506,9.502,47.126,47.132,"2022-03-15","15:30:00","MUE05_14","winter",1.515,1.784,0.269,3,5,0.239773780826997,461.099999999999,3417.74299275104,0.45,NA,0.1525061,NA,NA,NA,NA,NA,NA,NA,-0.64058819862579,-0.951722831299495,-0.665776845309159,NA,-0.204007427585923,NA,-0.893256375690066,-0.695160591537707,0.875512714570929,0.156295897109631,0.0312838
71,9.502,9.497,47.133,47.14,"2022-07-20","09:00:00","MUE05_17","summer",0.6209,1.506,0.8851,3,4,0.103597774177038,1989.19999999999,6544.77969059603,0.8,7.7539322568287,4.81971041,NA,NA,NA,NA,NA,NA,71.2613338953186,-1.07826884149843,-0.278509127797843,-0.75859307049327,-0.525928612268755,2.22735369601259,0.202943623733302,0.675866146588564,-0.695160591537707,0.494580499817712,4.40965982740308,0.042793410000000004
71,9.502,9.497,47.133,47.14,"2022-03-15","16:30:00","MUE05_17","winter",2.159,1.984,-0.175,3,4,0.103597774177038,1989.19999999999,3776.38945445064,0.8,28.0034100210648,4.81971041,NA,NA,NA,NA,NA,NA,19.7317239271899,-0.325336734572572,-0.278509127797843,-0.75859307049327,-0.2479826710293,2.22735369601259,-0.114826713783107,-0.713290390328842,-0.695160591537707,0.494580499817712,4.40965982740308,0.042793410000000004
9,8.723,8.722,47.554,47.553,"2022-07-04","14:15:00","MUH01","summer",3.743,5.438,1.695,5,1,0.585806451612892,23.6,6965.77545544311,0.5,10.5655791597222,4.34698114,NA,NA,NA,NA,NA,NA,0.620463436642114,0.450064381980683,-0.855549445084973,-0.429924384344572,-0.487335723407296,-0.900114025043127,-0.232681122155333,0.887118523914588,-0.240511749375738,-0.648216144441937,0.583564842508261,9.387999999999999e-05
9,8.724,8.718,47.554,47.551,"2022-02-20","13:22:00","MUH01","winter",2.715,2.326,-0.389,5,1,0.585806451612892,23.6,2496.63895018868,0.5,88.8514895050926,4.34698114,NA,NA,NA,NA,NA,NA,0.0737810428623125,-0.053163110327869,-0.855549445084973,-0.429924384344572,0.587222904231086,-0.900114025043127,-0.236052377029824,-1.35545916964594,-0.240511749375738,-0.648216144441937,0.583564842508261,9.387999999999999e-05
8,8.684,8.695,47.539,47.543,"2022-07-04","12:15:00","NAB01","summer",5.222,5.511,0.289,5,6,0.576906786528511,1165.2,6532.3695484983,1.2,26.6394788001157,11.33818211,NA,NA,NA,NA,NA,NA,12.1498873568525,1.17406580330787,0.49087796191833,-0.435990308429557,-0.266704099374584,0.916286641601776,-0.161582021409935,0.669638834487096,-0.240511749375738,1.25644492932415,2.24672065429957,0.02541065
8,8.688,8.686,47.54,47.539,"2022-01-07","12:00:00","NAB01","winter",2.433,2.169,-0.264,5,6,0.576906786528511,1165.2,1239.71943920183,1.2,174.796974195833,11.33818211,NA,NA,NA,NA,NA,NA,1.85167202210289,-0.19120800607788,0.49087796191833,-0.435990308429557,1.7669174581242,0.916286641601776,-0.225088563857357,-1.98617153536269,-0.240511749375738,1.25644492932415,2.24672065429957,0.02541065
61,8.682,8.679,47.626,47.625,"2022-07-15","15:00:00","NB01","summer",2.211,2.247,0.036,3,2,0.196545402257542,97.1999999999999,6535.82206623914,0.2,20.846014619213,30.9369872988586,NA,NA,NA,NA,NA,NA,1.29521160246694,-0.299881647412996,-1.4325897623721,-0.695240882464839,-0.346225649191641,-0.783009006590898,-0.228520117394665,0.6713712808474,-0.695160591537707,-0.267283929688721,23.1438239745905,0.00259061
61,8.679,8.679,47.625,47.625,"2022-04-20","14:20:00","NB01","winter",2.175,2.35,0.175,3,2,0.196545402257542,97.1999999999999,5345.80590989389,0.2,46.1302129960648,30.9369872988586,NA,NA,NA,NA,NA,NA,0.585299703738703,-0.317504400061933,-1.4325897623721,-0.695240882464839,0.000827267340909343,-0.783009006590898,-0.232897968183858,0.07423049446532,-0.695160591537707,-0.267283929688721,23.1438239745905,0.00259061
91,8.619,8.613,47.598,47.595,"2022-07-25","15:30:00","NB04","summer",4.892,4.696,-0.196000000000001,11,3,0.631156280149789,1292.6,5313.73872407619,0.6,44.7519741753472,30.93256455,NA,NA,NA,NA,NA,NA,8.02323388346408,1.01252390402594,-0.66320267265593,-0.399014387781365,-0.0180905482559789,1.11899288278132,-0.187030070946172,0.0581394317901286,1.12343477711017,0.113648285064496,23.1364011345056,0.04132442
91,8.619,8.613,47.598,47.595,"2022-04-20","11:45:00","NB04","winter",3.686,3.8,0.114,11,3,0.631156280149789,1292.6,4201.45653278641,0.6,118.861243409722,30.93256455,NA,NA,NA,NA,NA,NA,3.02079588985847,0.422161690286532,-0.66320267265593,-0.399014387781365,0.999139171529515,1.11899288278132,-0.217878866631141,-0.499995059782998,1.12343477711017,0.113648285064496,23.1364011345056,0.04132442
151,6.746,6.749,46.53,46.533,"2022-07-26","11:00:00","NI01","summer",3.835,6.193,2.358,3,6,0.456347621242367,380.5,6913.73474982807,0.5,0.534719299074074,4.19997704,NA,NA,NA,NA,NA,NA,197.663418222357,0.495100305416857,-0.855549445084973,-0.518162248321808,-0.625020103116734,-0.332250151597466,0.98243395995405,0.861004905448867,-0.695160591537707,1.25644492932415,1.04992076130106,0.0061788699999999995
151,6.746,6.749,46.529,46.533,"2022-04-27","18:00:00","NI01","winter",4.833,4.096,-0.737,3,6,0.456347621242367,380.5,6181.01924379793,0.5,25.2776395925926,4.19997704,NA,NA,NA,NA,NA,NA,4.18134153931908,0.983642170517961,-0.855549445084973,-0.518162248321808,-0.285396812577309,-0.332250151597466,-0.210722069151782,0.493334003560504,-0.695160591537707,1.25644492932415,1.04992076130106,0.0061788699999999995
NA,NA,8.62765,NA,47.60901,"2021-07-12",NA,"Nider","summer",6.283,6.665,0.382,12,1,0.1145984,1980.3,6488.44771752598,0.7,NA,NA,20,29,2394,-0.0909563811856846,-0.668607926273822,3.21052326569324,NA,1.69344748554462,-0.470855900226886,-0.751095152257389,NA,2.21319289894433,NA,0.647599203725526,1.35075919819115,-0.648216144441937,NA,NA
NA,NA,8.62765,NA,47.60901,"2021-07-12",NA,"Nider","winter",NA,NA,NA,12,1,0.1145984,1980.3,NA,0.7,NA,NA,NA,NA,NA,NA,NA,NA,NA,NA,-0.470855900226886,-0.751095152257389,NA,2.21319289894433,NA,NA,1.35075919819115,-0.648216144441937,NA,NA
57,7.9,7.898,47.223,47.223,"2022-07-14","15:30:00","PF02","summer",0.785,0.8779,0.0929,17,1,4.16206398348816,241.899999999999,6310.83525182869,0.6,9.18338357546296,1.56807182,NA,NA,NA,NA,NA,NA,7.31695936386461,-0.997938460673692,-0.66320267265593,2.00761753336011,-0.506307849855045,-0.55277672167191,-0.191385490919488,0.558474659598774,2.48738130359608,-0.648216144441937,0.209748141181554,0.00266407
57,7.899,7.898,47.223,47.223,"2022-01-27","14:35:00","PF02","winter",1.078,1.012,-0.0660000000000001,17,1,4.16206398348816,241.899999999999,859.774586014969,0.6,20.9620712048611,1.56807182,NA,NA,NA,NA,NA,NA,3.20552505464544,-0.854508834947616,-0.66320267265593,2.00761753336011,-0.344632647272748,-0.55277672167191,-0.216739687641046,-2.17682488675131,2.48738130359608,-0.648216144441937,0.209748141181554,0.00266407
133,6.821,6.821,46.782,46.783,"2022-07-13","13:30:00","PGL03","summer",2.307,1.625,-0.682,3,1,1.43872618947719,319.1,6804.88004204013,2.15,35.009135537037,14.5422563,NA,NA,NA,NA,NA,NA,2.53187882331786,-0.252887640349162,2.31817229999424,0.151417310136739,-0.151821525775409,-0.429943740360603,-0.220893897044689,0.806382465691819,-0.695160591537707,-0.648216144441937,2.30963426359679,0.00148944
133,6.821,6.821,46.782,46.783,"2022-03-24","15:30:00","PGL03","winter",1.483,1.483,0,3,1,1.43872618947719,319.1,3707.67102068778,2.15,128.927874141204,14.5422563,NA,NA,NA,NA,NA,NA,0.687507565600672,-0.656252867647068,2.31817229999424,0.151417310136739,1.13731454505511,-0.429943740360603,-0.232267677623134,-0.747772762149846,-0.695160591537707,-0.648216144441937,2.30963426359679,0.00148944
138,6.787,6.788,46.751,46.753,"2022-07-13","15:30:00","PL01","summer",1.757,2.018,0.261,18,1,1.67366836062487,816,6453.35667046422,2.05,NA,14.542417826812699,NA,NA,NA,NA,NA,NA,NA,-0.522124139152376,2.1258255275652,0.31155158047513,NA,0.360674244271363,NA,0.629990791162637,2.71470572467706,-0.648216144441937,2.31781803690524,0.008293479999999999
138,6.787,6.788,46.751,46.753,"2022-03-10","13:00:00","PL01","winter",1.882,1.922,0.04,18,1,1.67366836062487,816,3185.51629748144,2.05,NA,14.542417826812699,NA,NA,NA,NA,NA,NA,NA,-0.460934025788009,2.1258255275652,0.31155158047513,NA,0.360674244271363,NA,-1.00978591244702,2.71470572467706,-0.648216144441937,2.31781803690524,0.008293479999999999
121,7.594,7.585,46.299,46.304,"2022-07-27","16:00:00","PR01","summer",0.6977,1.449,0.7513,3,2,0.382136285802405,1421.59999999999,6351.44001879849,0.5,0.473606839583333,2.27331283,NA,NA,NA,NA,NA,NA,833.790511210308,-1.04067363584737,-0.855549445084973,-0.568743963785933,-0.62585893759298,1.32424488523154,4.9052721333293,0.57884981362498,-0.695160591537707,-0.267283929688721,2.28067463984613,0.05142001
121,7.594,7.585,46.299,46.304,"2022-03-02","14:00:00","PR01","winter",0.6181,0.5763,-0.0418,3,2,0.382136285802405,1421.59999999999,2794.62947527257,0.5,16.2868129834491,2.27331283,NA,NA,NA,NA,NA,NA,24.2459276280865,-1.07963950003779,-0.855549445084973,-0.568743963785933,-0.408805613213773,1.32424488523154,-0.0869887380146313,-1.20592985818726,-0.695160591537707,-0.267283929688721,2.28067463984613,0.05142001
161,7.402,7.404,47.16,47.161,"2022-07-05","11:00:00","RÃœB01","summer",5.67569792833738,7.0455827185287,1.36988479019131,10,3,0.18140811590923,903.199999999999,7211.58660071949,1.5,79.2547841634259,12.94444868,NA,NA,NA,NA,NA,NA,3.16559929519897,1.39616042465301,1.06791827920546,-0.705558307780393,0.455497763956198,0.499418233524546,-0.216985899907406,1.01046463128393,0.896110356029185,0.113648285064496,4.04818231524471,0.0017556800000000001
161,7.402,7.404,47.16,47.162,"2022-04-25","14:30:00","RÃœB01","winter",5.269,5.603,0.334,10,3,0.18140811590923,903.199999999999,5749.41519815069,1.5,177.386889318519,12.94444868,NA,NA,NA,NA,NA,NA,1.41435982023671,1.19707328593287,1.06791827920546,-0.705558307780393,1.80246683894707,0.499418233524546,-0.227785359856259,0.276758474018947,0.896110356029185,0.113648285064496,4.04818231524471,0.0017556800000000001
162,7.41,7.41,47.147,47.147,"2022-07-05","10:00:00","RÃœB02","summer",5.425288880668,5.57258832047352,0.147299439805518,10,2,0.50601794340922,570.299999999999,6765.58076837168,1.8,62.0572206686343,9.91080197,NA,NA,NA,NA,NA,NA,2.55275155670539,1.27357996053819,1.64495859649259,-0.484307445845065,0.219442640548156,-0.0302592208606046,-0.22076518006939,0.786662397978877,0.896110356029185,-0.267283929688721,3.41356031547023,0.0009189700000000001
162,7.41,7.41,47.146,47.147,"2022-04-25","17:00:00","RÃœB02","winter",6.172,6.105,-0.0669999999999993,10,2,0.50601794340922,570.299999999999,5727.76694173662,1.8,135.241151882292,9.91080197,NA,NA,NA,NA,NA,NA,1.17136436995557,1.63911066487706,1.64495859649259,-0.484307445845065,1.22397109711454,-0.0302592208606046,-0.229283852592737,0.265895548511616,0.896110356029185,-0.267283929688721,3.41356031547023,0.0009189700000000001
66,9.649,9.648,47.403,47.404,"2022-07-19","13:00:00","RBK01","summer",0.6766,0.8146,0.138,3,2,0.422832140015903,215.1,7105.01402273399,0.9,2.01231234201389,0.68181877,NA,NA,NA,NA,NA,NA,29.6922096796381,-1.05100252698327,-0.0861623553687996,-0.541006070293072,-0.604738543568857,-0.595418222956144,-0.0534028659926712,0.956987346386833,-0.695160591537707,-0.267283929688721,0.696443521698916,0.00108359
66,9.649,9.647,47.403,47.404,"2022-03-07","15:00:00","RBK01","winter",0.7144,0.7207,0.00629999999999997,3,2,0.422832140015903,215.1,3451.79185365484,0.9,8.23075204988426,0.68181877,NA,NA,NA,NA,NA,NA,7.25936094756253,-1.03249863670189,-0.0861623553687996,-0.541006070293072,-0.519383745891188,-0.595418222956144,-0.191740686082037,-0.876170923978257,-0.695160591537707,-0.267283929688721,0.696443521698916,0.00108359
68,9.576,9.577,47.336,47.337,"2022-07-19","14:45:00","RBK07","summer",6.509,6.508,-0.00100000000000033,3,1,0.00562335321036462,205.8,5881.68594158402,0.7,4.5822176875,1.3109391,NA,NA,NA,NA,NA,NA,12.4757640438196,1.80407921050739,-0.470855900226887,-0.825371471053222,-0.569463818538219,-0.610215460342092,-0.159572420621761,0.343130897055367,-0.695160591537707,-0.648216144441937,1.31905539697349,0.0013572999999999999
68,9.574,9.576,47.335,47.336,"2022-03-16","11:00:00","RBK07","winter",15.92,15.1,-0.82,3,1,0.00562335321036462,205.8,2978.63896766797,0.7,12.2293624375,1.3109391,NA,NA,NA,NA,NA,NA,4.67454186257261,6.41096046548383,-0.470855900226887,-0.825371471053222,-0.464498501897458,-0.610215460342092,-0.20768062495532,-1.11359533616849,-0.695160591537707,-0.648216144441937,1.31905539697349,0.0013572999999999999
67,9.565,9.572,47.354,47.357,"2022-07-19","14:30:00","RBK08","summer",10.13,55.5,45.37,3,9,0.766636863823939,1140.4,5527.02139636039,2.2,0.999467221643519,0.32586403,NA,NA,NA,NA,NA,NA,316.946640087775,3.57663441444637,2.41434568620876,-0.306672156049617,-0.618640936192944,0.876827341905917,1.71802403516833,0.165163006193188,-0.695160591537707,2.3992415735838,0.032965713730763,0.00958227
67,9.565,9.571,47.354,47.357,"2022-03-16","13:30:00","RBK08","winter",9.911,24.31,14.399,3,9,0.766636863823939,1140.4,2983.06663211903,2.2,2.94182804861111,0.32586403,NA,NA,NA,NA,NA,NA,107.680589260591,3.469429335832,2.41434568620876,-0.306672156049617,-0.59197993710132,0.876827341905917,0.427532148208389,-1.11137356882689,-0.695160591537707,2.3992415735838,0.032965713730763,0.00958227
152,6.915,6.919,46.808,46.81,"2022-07-13","11:45:00","RDC01","summer",3.241,4.261,1.02,10,2,0.900576736589597,219.6,7198.90330991377,0.9,3.91285087766204,2.00041607,NA,NA,NA,NA,NA,NA,15.5896562141535,0.204324886709386,-0.0861623553687996,-0.215380057701451,-0.578651600571959,-0.588258269382299,-0.140369819116166,1.00410025530025,0.896110356029185,-0.267283929688721,0.25270240492453,0.01581641
152,6.915,6.919,46.808,46.81,"2022-04-29","10:15:00","RDC01","winter",4.559,5.181,0.622,10,2,0.900576736589597,219.6,6179.58754139341,0.9,10.6503633356481,2.00041607,NA,NA,NA,NA,NA,NA,5.72750413085206,0.849513442023269,-0.0861623553687996,-0.215380057701451,-0.486171969069811,-0.588258269382299,-0.201187267532469,0.492615586507809,0.896110356029185,-0.267283929688721,0.25270240492453,0.01581641
81,9.518,9.515,46.995,46.999,"2022-07-21","12:30:00","RH05","summer",2.145,5.044,2.899,3,5,0.41855564207492,586,6781.39578720091,0.3,30.9271029641204,6.51732121,NA,NA,NA,NA,NA,NA,5.2632727341653,-0.332190027269381,-1.24024298994306,-0.543920889178237,-0.207851829315053,-0.00527893839185307,-0.204050067536235,0.794598250555314,-0.695160591537707,0.875512714570929,6.53241855236713,0.00708611
81,9.518,9.512,46.995,47,"2022-03-04","16:00:00","RH05","winter",1.279,1.388,0.109,3,5,0.41855564207492,586,2937.5521671358,0.3,89.3114388037037,6.51732121,NA,NA,NA,NA,NA,NA,1.82258599747278,-0.756115132657714,-1.24024298994306,-0.543920889178237,0.593536204861025,-0.00527893839185307,-0.225267930164795,-1.13421237086074,-0.695160591537707,0.875512714570929,6.53241855236713,0.00708611
82,9.542,9.543,46.941,46.945,"2022-07-21","11:30:00","RH09","summer",1.63,0.7777,-0.8523,3,1,0.550130108978502,379.699999999999,6554.89399108976,1.2,157.856931723611,22.50633482,NA,NA,NA,NA,NA,NA,0.66815071768208,-0.584293294330572,0.49087796191833,-0.454241028173105,1.53439708873996,-0.333523032232818,-0.232387046508327,0.680941423355461,-0.695160591537707,-0.648216144441937,6.4207558192525,0.027186099999999998
82,9.542,9.543,46.942,46.945,"2022-03-10","09:05:00","RH09","winter",1.645,0.9531,-0.6919,3,1,0.550130108978502,379.699999999999,3008.71935276227,1.2,247.986466998148,22.50633482,NA,NA,NA,NA,NA,NA,0.425314427432081,-0.576950480726848,0.49087796191833,-0.454241028173105,2.77152225349854,-0.333523032232818,-0.233884557744327,-1.09850123453457,-0.695160591537707,-0.648216144441937,6.4207558192525,0.027186099999999998
83,9.546,9.548,46.905,46.909,"2022-07-21","10:00:00","RH11","summer",1.476,3.534,2.058,3,1,0.93075576481949,278.399999999999,6117.8588976082,2.2,66.6060147472222,10.69657932,NA,NA,NA,NA,NA,NA,1.16105630440167,-0.659679513995472,2.41434568620876,-0.194810329238025,0.281879749613289,-0.494701542684052,-0.229347419879046,0.461640636549646,-0.695160591537707,-0.648216144441937,10.721514236397,0.0178268
83,9.548,9.548,46.908,46.909,"2022-03-10","11:10:00","RH11","winter",1.592,1.591,-0.00100000000000011,3,1,0.93075576481949,278.399999999999,3049.13758692504,2.2,106.099172190278,10.69657932,NA,NA,NA,NA,NA,NA,0.728877820032789,-0.60289508879334,2.41434568620876,-0.194810329238025,0.82396596762999,-0.494701542684052,-0.23201255751409,-1.0782196812099,-0.695160591537707,-0.648216144441937,10.721514236397,0.0178268
16,8.327,8.329,47.512,47.515,"2022-07-05","14:45:00","RIB01","summer",1.389,2.263,0.874,5,7,1.65941524447702,1104.3,6893.17901751579,1.8,12.0376100791667,4.22784354,NA,NA,NA,NA,NA,NA,25.4826330129174,-0.702267832897071,1.64495859649259,0.301836796861633,-0.467130510008599,0.819388603235731,-0.0793622823168467,0.850690199978555,-0.240511749375738,1.63737714407736,0.644813671772498,0.00312492
16,8.327,8.329,47.512,47.515,"2022-02-25","09:25:00","RIB01","winter",1.415,1.345,-0.0700000000000001,5,7,1.65941524447702,1104.3,2652.34803181156,1.8,55.4415130881944,4.22784354,NA,NA,NA,NA,NA,NA,5.53285765329008,-0.689540289317283,1.64495859649259,0.301836796861633,0.128634912476375,0.819388603235731,-0.202387604133299,-1.27732557208817,-0.240511749375738,1.63737714407736,0.644813671772498,0.00312492
NA,NA,7.7240517,NA,47.204455,"2022-07-19",NA,"Riedgrabe","summer",5.6,6.685,1.085,12,1,0.6791129,2178.75,6548.47557967278,1.25,NA,4.78417356,60,47,1656,0.11250332973841,0.758945277446766,2.05262561001542,NA,1.35910470612172,0.587051348132852,-0.366327627928525,NA,2.52894685155092,NA,0.677720714779008,1.35075919819115,-0.648216144441937,4.8007621117486,NA
NA,NA,7.7240517,NA,47.204455,"2022-07-19",NA,"Riedgrabe","winter",NA,NA,NA,12,1,0.6791129,2178.75,NA,1.25,NA,4.78417356,NA,NA,NA,NA,NA,NA,NA,NA,0.587051348132852,-0.366327627928525,NA,2.52894685155092,NA,NA,1.35075919819115,-0.648216144441937,4.8007621117486,NA
164,7.72,7.723,47.2,47.207,"2022-07-25","11:00:00","RIEGR02","summer",7.189,13.28,6.091,8,6,0.311613444548643,3288.4,6098.13976040795,0.8,26.7448591375,4.78417356,NA,NA,NA,NA,NA,NA,34.1540196472253,2.13695342720955,-0.278509127797843,-0.61681163793398,-0.26525764048792,4.29451184782152,-0.0258879893962599,0.45174572795387,0.441461513867216,1.25644492932415,4.8007621117486,0.02444335
164,7.72,7.723,47.2,47.207,NA,NA,"RIEGR02","winter",NA,NA,NA,8,6,0.311613444548643,3288.4,NA,0.8,NA,4.78417356,NA,NA,NA,NA,NA,NA,NA,NA,-0.278509127797843,-0.61681163793398,NA,4.29451184782152,NA,NA,0.441461513867216,1.25644492932415,4.8007621117486,0.02444335
153,6.548,6.547,46.616,46.616,"2022-07-29","11:10:00","RM02_1","summer",1.907,1.952,0.0449999999999999,7,2,1.48639970129748,193.3,6454.98811356756,0.1,9.20685472418982,9.58400299,NA,NA,NA,NA,NA,NA,5.8320073524533,-0.448696003115136,-1.62493653480115,0.183911106344199,-0.505985683002111,-0.63010422026944,-0.200542822056939,0.630809436533519,0.214137092786231,-0.267283929688721,9.61320874787132,0.00114401
153,6.548,6.547,46.616,46.616,"2022-04-28","09:45:00","RM02_1","winter",1.523,1.47,-0.0529999999999999,7,2,1.48639970129748,193.3,5631.85772724454,0.1,47.4763111078704,9.58400299,NA,NA,NA,NA,NA,NA,1.13097338844305,-0.63667203137047,-1.62493653480115,0.183911106344199,0.0193039170126971,-0.63010422026944,-0.229532933768314,0.217769055894089,0.214137092786231,-0.267283929688721,9.61320874787132,0.00114401
154,6.542,6.541,46.618,46.619,"2022-07-29","11:00:00","RM02_2","summer",1.956,2.138,0.182,14,1,1.42561225209965,35,6249.78658748543,0.1,10.7871518668981,11.36597465,NA,NA,NA,NA,NA,NA,0.901277959389464,-0.424709478676304,-1.62493653480115,0.142478979555399,-0.484294398817792,-0.881975475989385,-0.230949408569142,0.527840917998602,1.80540804035312,-0.648216144441937,10.1299230838625,0.00235156
154,6.542,6.541,46.618,46.619,"2022-04-28","09:20:00","RM02_2","winter",1.512,1.489,-0.0229999999999999,14,1,1.42561225209965,35,5585.52541686419,0.1,55.6459175572917,11.36597465,NA,NA,NA,NA,NA,NA,0.174715821914742,-0.642056761346535,-1.62493653480115,0.142478979555399,0.131440584465463,-0.881975475989385,-0.235429937255363,0.194519865445792,1.80540804035312,-0.648216144441937,10.1299230838625,0.00235156
111,7.805,7.804,47.131,47.132,"2022-07-08","12:10:00","ROG02","summer",1.29414081632653,1.54416997084548,0.25002915451895,3,2,2.25216201117321,39.7,7611.65870932247,0.8,50.4032309178241,5.9573723,NA,NA,NA,NA,NA,NA,0.218791088923588,-0.748703386518119,-0.278509127797843,0.705847156162645,0.0594790509584626,-0.874497302256701,-0.235158136003962,1.21121768179244,-0.695160591537707,-0.267283929688721,0.570678450885816,0.0013453299999999998
111,7.805,7.805,47.131,47.132,"2022-01-27","12:50:00","ROG02","winter",1.115,1.131,0.016,3,2,2.25216201117321,39.7,1678.2836789517,0.8,92.8770889826389,5.9573723,NA,NA,NA,NA,NA,NA,0.118735178918443,-0.836396561391763,-0.278509127797843,0.705847156162645,0.642478602618322,-0.874497302256701,-0.23577515601076,-1.76610343493656,-0.695160591537707,-0.267283929688721,0.570678450885816,0.0013453299999999998
NA,NA,7.76657,NA,47.08732,"2021-07-21",NA,"Rot","summer",2.268,2.287,0.0190000000000001,4,1,0.0575873,467.6,5921.81713800182,1.4,NA,NA,10,0,589,-0.418752582118948,-1.02549622720397,0.37853780702323,NA,-0.271978955718845,0.875571506776417,-0.789953356619306,NA,-0.1936652724237,NA,0.363268417087848,-0.467836170456722,-0.648216144441937,NA,NA
NA,NA,7.76657,NA,47.08732,"2021-07-21",NA,"Rot","winter",NA,NA,NA,4,1,0.0575873,467.6,NA,1.4,NA,NA,NA,NA,NA,NA,NA,NA,NA,NA,0.875571506776417,-0.789953356619306,NA,-0.1936652724237,NA,NA,-0.467836170456722,-0.648216144441937,NA,NA
134,6.814,6.814,46.617,46.617,"2022-07-14","11:30:00","RU01","summer",2.045,2.042,-0.00300000000000011,3,1,3.32215085884996,13.4,6256.25742795704,0.35,2.40869932569444,6.30641278,NA,NA,NA,NA,NA,NA,1.54532455857647,-0.381142117960875,-1.14406960372854,1.43514101837536,-0.599297704325647,-0.916343253143843,-0.226977732763201,0.531087935064015,-0.695160591537707,-0.648216144441937,1.22634092437381,0.00161551
134,6.814,6.814,46.617,46.617,"2022-03-10","18:00:00","RU01","winter",1.441,1.502,0.0609999999999999,3,1,3.32215085884996,13.4,2816.23998284718,0.35,63.1371186886574,6.30641278,NA,NA,NA,NA,NA,NA,0.0589545785352875,-0.676812745737495,-1.14406960372854,1.43514101837536,0.234265406602305,-0.916343253143843,-0.236143808161872,-1.1950858747519,-0.695160591537707,-0.648216144441937,1.22634092437381,0.00161551
135,6.836,6.835,46.628,46.628,"2022-07-14","12:30:00","RU02","summer",1.676,1.607,-0.069,3,1,2.69183916250306,50.2,7002.46914405988,0.45,0.527301725347222,1.38057179,NA,NA,NA,NA,NA,NA,26.4449057800108,-0.561775332612485,-0.951722831299495,1.00552677293273,-0.625121917323265,-0.857790743917729,-0.0734281845782597,0.905531129456995,-0.695160591537707,-0.648216144441937,0.167920142342801,0.00067891
135,6.836,6.835,46.628,46.628,"2022-03-10","15:00:00","RU02","winter",1.223,1.22,-0.00300000000000011,3,1,2.69183916250306,50.2,3398.43434819253,0.45,15.6752421989583,1.38057179,NA,NA,NA,NA,NA,NA,0.889583986483544,-0.78352830344495,-0.951722831299495,1.00552677293273,-0.417200082409914,-0.857790743917729,-0.231021522402713,-0.902945302293425,-0.695160591537707,-0.648216144441937,0.167920142342801,0.00067891
136,7.197,7.201,46.879,46.88,"2022-07-04","12:00:00","SA01","summer",7.61432222222222,7.94410930134235,0.329787079120131,3,2,0.94755782372526,1010.5,5759.80742784923,1,3.31484835960648,0.54345901,NA,NA,NA,NA,NA,NA,84.6779140382056,2.34515754716284,0.106184417060244,-0.183358211340609,-0.586859830664593,0.670143348740906,0.285680349335496,0.281973213483921,-0.695160591537707,-0.267283929688721,0.101454247827606,0.03061371
136,7.197,7.201,46.879,46.88,"2022-03-09","14:30:00","SA01","winter",1.724,2.014,0.29,3,2,0.94755782372526,1010.5,2015.3167763749,1,5.18298870648148,0.54345901,NA,NA,NA,NA,NA,NA,54.1568697792892,-0.538278329080569,0.106184417060244,-0.183358211340609,-0.561217587781833,0.670143348740906,0.0974646313918169,-1.59698286648128,-0.695160591537707,-0.267283929688721,0.101454247827606,0.03061371
163,7.237,7.236,46.948,46.949,"2022-07-06","13:00:00","SA04","summer",2.9644301711918,2.3255110787172,-0.638919092474599,8,1,0.198317442512603,58.7999999999999,8048.57206672668,0.4,9.58375351388889,4.1195836,NA,NA,NA,NA,NA,NA,1.70427310235628,0.0689381732858882,-1.04789621751402,-0.694033077276574,-0.500812340258431,-0.844107277087713,-0.22599753647536,1.43045738238815,0.441461513867216,-0.648216144441937,3.42749380930517,0.00183183
163,7.237,7.236,46.948,46.95,"2022-02-08","08:45:00","SA04","winter",1.936,2.288,0.352,8,1,0.198317442512603,58.7999999999999,2295.8947072529,0.4,35.7125939398148,4.1195836,NA,NA,NA,NA,NA,NA,0.457354998095611,-0.434499896814603,-1.04789621751402,-0.694033077276574,-0.142165799827345,-0.844107277087713,-0.23368697148353,-1.45619105840995,0.441461513867216,-0.648216144441937,3.42749380930517,0.00183183
85,9.459,9.459,47.026,47.029,"2022-07-21","13:45:00","SAR03","summer",1.286,1.375,0.089,8,1,0.169737810004192,98,6928.19002411005,0.55,62.4766341197917,9.22731827,NA,NA,NA,NA,NA,NA,0.435718450677525,-0.75268848630931,-0.759376058870451,-0.713512673365762,0.225199542914118,-0.781736125955547,-0.23382039871071,0.868258448861773,0.441461513867216,-0.648216144441937,7.78587618353543,0.00571409
85,9.459,9.459,47.026,47.03,"2022-03-15","16:00:00","SAR03","winter",1.258,1.103,-0.155,8,1,0.169737810004192,98,2906.98897785994,0.55,222.245941202199,9.22731827,NA,NA,NA,NA,NA,NA,0.122486926307714,-0.766395071702928,-0.759376058870451,-0.713512673365762,2.41820575054213,-0.781736125955547,-0.235752019914157,-1.14954873985137,0.441461513867216,-0.648216144441937,7.78587618353543,0.00571409
25,8.902,8.906,47.597,47.596,"2022-07-07","09:45:00","SB02_TG","summer",4.871,4.99,0.119,3,4,0.968976827527553,462.399999999999,6273.08059809635,1.5,75.5360628096065,28.49919575,NA,NA,NA,NA,NA,NA,1.70043869996503,1.00224396498073,1.06791827920546,-0.168759229265571,0.404454299086199,-0.201938996553479,-0.226021182284882,0.539529670071445,-0.695160591537707,0.494580499817712,13.0164980635936,0.00580879
25,8.907,8.907,47.596,47.596,"2022-04-03","12:00:00","SB02_TG","winter",4.683,4.77,0.0869999999999997,3,4,0.968976827527553,462.399999999999,3823.38393178484,1.5,170.533381976273,28.49919575,NA,NA,NA,NA,NA,NA,0.753192383543505,0.910214034480721,1.06791827920546,-0.168759229265571,1.7083950524442,-0.201938996553479,-0.231862615625181,-0.689708929689565,-0.695160591537707,0.494580499817712,13.0164980635936,0.00580879
6,8.672,8.67,47.579,47.586,"2022-07-04","10:30:00","SB02_ZH","summer",6.015,7.011,0.996,17,5,2.05655861001504,1814.59999999999,7357.30446101919,1.7,10.6442505719907,5.31597254,NA,NA,NA,NA,NA,NA,47.3547247076203,1.56225588249141,1.45261182406355,0.572525804073491,-0.486255873349621,1.94954749734738,0.0555174880581742,1.08358471223856,2.48738130359608,0.875512714570929,1.0503592319342,0.02760147
6,8.671,8.671,47.58,47.586,"2022-02-20","15:50:00","SB02_ZH","winter",2.593,1.965,-0.628,17,5,2.05655861001504,1814.59999999999,2168.59401519251,1.7,59.7431636150463,5.31597254,NA,NA,NA,NA,NA,NA,8.43704158024544,-0.112884660971491,1.45261182406355,0.572525804073491,0.187679709507175,1.94954749734738,-0.184478221406569,-1.52006954859565,2.48738130359608,0.875512714570929,1.0503592319342,0.02760147
22,8.82,8.82,47.56,47.56,"2022-07-06","16:00:00","SBAB02","summer",3.106,3.929,0.823,5,1,0.769745707454855,23.3,5690.68470896161,0.3,57.7756528375,21.33254874,NA,NA,NA,NA,NA,NA,0.11202335074302,0.13823956427587,-1.24024298994306,-0.304553198844101,0.160673500194967,-0.900591355281383,-0.235816546192172,0.247287974553899,-0.240511749375738,-0.648216144441937,20.4439740113501,0.00027443
22,8.821,8.821,47.561,47.561,"2022-01-29","13:30:00","SBAB02","winter",1.69,1.841,0.151,5,1,0.769745707454855,23.3,905.659710567961,0.3,203.202402928472,21.33254874,NA,NA,NA,NA,NA,NA,0.0318511106608344,-0.554922039915676,-1.24024298994306,-0.304553198844101,2.15681263059861,-0.900591355281383,-0.236310948533003,-2.15380009064857,-0.240511749375738,-0.648216144441937,20.4439740113501,0.00027443
23,8.818,8.817,47.574,47.574,"2022-07-06","17:00:00","SBAB03","summer",3.898,2.636,-1.262,7,1,0.582991076228354,241,6632.6953556176,0.5,68.4712610925926,25.72137808,NA,NA,NA,NA,NA,NA,0.977701350555183,0.525940122552498,-0.855549445084973,-0.431843316483188,0.307482269201377,-0.554208712386678,-0.23047812445075,0.719981538691739,0.214137092786231,-0.648216144441937,25.7697176918052,0.00165321
23,8.818,8.818,47.574,47.574,NA,NA,"SBAB03","winter",1.679,1.7,0.0209999999999999,7,1,0.582991076228354,241,NA,0.5,NA,25.72137808,NA,NA,NA,NA,NA,NA,NA,-0.560306769891741,-0.855549445084973,-0.431843316483188,NA,-0.554208712386678,NA,NA,0.214137092786231,-0.648216144441937,25.7697176918052,0.00165321
92,8.522,8.5,47.621,47.616,"2022-07-25","16:15:00","SCHWB02","summer",1.801,3.44,1.639,9,19,1.43138240499304,994.699999999999,6342.91113640592,0.6,8.34355248125,4.14300537,NA,NA,NA,NA,NA,NA,33.1160565210658,-0.500585219248119,-0.66320267265593,0.146411858947845,-0.517835438204778,0.645003956192739,-0.0322888508258976,0.574570087243364,0.6687859349482,6.20856372111596,0.403290009513597,0.07784853
92,8.521,8.501,47.619,47.616,"2022-03-14","16:30:00","SCHWB02","winter",2.923,1.971,-0.952,9,19,1.43138240499304,994.699999999999,3286.8357872083,0.6,25.462220503125,4.14300537,NA,NA,NA,NA,NA,NA,10.8515891424962,0.0486572383104373,-0.66320267265593,0.146411858947845,-0.282863240328677,0.645003956192739,-0.169588304826948,-0.958944586092979,0.6687859349482,6.20856372111596,0.403290009513597,0.07784853
44,8.469,8.465,47.683,47.68,"2022-07-11","15:15:00","SE03","summer",3.192,3.914,0.722,3,1,0.156422794421061,108.5,7805.05911355455,0.4,176.082825588542,50.54337585,NA,NA,NA,NA,NA,NA,0.171163137507319,0.180338362270555,-1.04789621751402,-0.722588056871981,1.78456715654119,-0.765029567616574,-0.235451845779878,1.30826448981599,-0.695160591537707,-0.648216144441937,9.87569082554236,0.0243072
44,8.469,8.465,47.683,47.679,"2022-04-30","11:10:00","SE03","winter",2.143,2.231,0.0880000000000001,3,1,0.156422794421061,108.5,6666.9669588002,0.4,370.300427234375,50.54337585,NA,NA,NA,NA,NA,NA,0.0813903702838911,-0.333169069083211,-1.04789621751402,-0.722588056871981,4.45041339332966,-0.765029567616574,-0.236005452192929,0.737178760734408,-0.695160591537707,-0.648216144441937,9.87569082554236,0.0243072
146,7.301,7.302,46.754,46.756,"2022-07-25","12:30:00","SE06","summer",1.917,2.478,0.561,11,2,1.81028732887617,230.4,5749.09803631952,0.5,6.2602425875,8.19522666,NA,NA,NA,NA,NA,NA,10.2232460013276,-0.443800794045986,-0.855549445084973,0.404669723924792,-0.546431115389821,-0.57107438080507,-0.173463141298032,0.276599324696255,1.12343477711017,-0.267283929688721,8.21784467577867,0.00659053
146,7.301,7.302,46.754,46.756,"2022-04-22","15:35:00","SE06","winter",3.598,3.388,-0.21,11,2,1.81028732887617,230.4,4696.66282479514,0.5,61.9384607520833,8.19522666,NA,NA,NA,NA,NA,NA,1.03328366935317,0.379083850478018,-0.855549445084973,0.404669723924792,0.217812532494428,-0.57107438080507,-0.230135362061993,-0.251504421185604,1.12343477711017,-0.267283929688721,8.21784467577867,0.00659053
131,7.295,7.295,46.894,46.894,"2022-07-12","11:00:00","SE17","summer",1.567,1.393,-0.174,3,1,1.90244620194959,46.7999999999999,7990.55027405366,0.4,2.87054709259259,1.55009543,NA,NA,NA,NA,NA,NA,4.52875343294186,-0.615133111466213,-1.04789621751402,0.467484304307403,-0.592958345169108,-0.863200486617968,-0.2085796660798,1.40134250128395,-0.695160591537707,-0.648216144441937,0.183792946951121,0.00044037
131,7.295,7.295,46.894,46.894,"2022-03-24","09:00:00","SE17","winter",3.065,3.117,0.052,3,1,1.90244620194959,46.7999999999999,3283.63880282011,0.4,9.63427367951389,1.55009543,NA,NA,NA,NA,NA,NA,1.34934925376294,0.118169207092358,-1.04789621751402,0.467484304307403,-0.500118896449672,-0.863200486617968,-0.228186263912457,-0.960548807818403,-0.695160591537707,-0.648216144441937,0.183792946951121,0.00044037
155,6.659,6.65,46.653,46.656,"2022-07-21","12:00:00","SF01","summer",9.25128935269207,8.47847225247026,-0.772817100221816,11,2,0.782007981793588,357.999999999999,6063.67061727177,0.5,7.85661176666667,4.43667488,NA,NA,NA,NA,NA,NA,12.6574212138569,3.14648718146038,-0.855549445084973,-0.296195353403539,-0.524519225155655,-0.368049919466695,-0.158452185862159,0.434449381909738,1.12343477711017,-0.267283929688721,1.13019625460171,0.03814617
155,6.659,6.65,46.653,46.656,"2022-04-30","14:40:00","SF01","winter",2.179,4.674,2.495,11,2,0.782007981793588,357.999999999999,5414.56910014429,0.5,28.242722037037,4.43667488,NA,NA,NA,NA,NA,NA,3.52106444676383,-0.315546316434274,-0.855549445084973,-0.296195353403539,-0.244697855277321,-0.368049919466695,-0.214793834389,0.108735324741214,1.12343477711017,-0.267283929688721,1.13019625460171,0.03814617
65,9.55,9.545,47.485,47.486,"2022-07-19","12:00:00","SG01","summer",3.143,4.345,1.202,3,1,0.00322761654658877,707.5,7156.66744404847,NA,17.9553236701389,4.49663758,NA,NA,NA,NA,NA,NA,10.945376501601,0.156351837831723,NA,-0.827004381572021,-0.385903502913469,0.188039808101976,-0.169009941420434,0.98290662862396,-0.695160591537707,-0.648216144441937,4.33691717791532,0.00606531
65,9.564,9.544,47.483,47.486,"2022-03-07","16:00:00","SG01","winter",2.993,2.969,-0.024,3,1,0.00322761654658877,707.5,3207.32103867206,NA,49.5983288627315,4.49663758,NA,NA,NA,NA,NA,NA,3.96238708609897,0.0829237017944826,NA,-0.827004381572021,0.0484309013758888,0.188039808101976,-0.212072307015866,-0.998844464104491,-0.695160591537707,-0.648216144441937,4.33691717791532,0.00606531
156,6.479,6.482,46.556,46.557,"2022-07-28","13:30:00","SG02","summer",5.795,5.503,-0.292,11,2,0.590348771343028,267.999999999999,6627.3591136896,0.9,7.30687128576389,7.25647907,NA,NA,NA,NA,NA,NA,10.1882791598486,1.45456128297013,-0.0861623553687996,-0.426828383945513,-0.532065006690417,-0.511248990943606,-0.173678773145926,0.7173038542887,1.12343477711017,-0.267283929688721,1.93700221183632,0.00454827
156,6.479,6.482,46.556,46.557,"2022-04-27","08:30:00","SG02","winter",2.811,3.511,0.7,11,2,0.590348771343028,267.999999999999,5896.3179625877,0.9,43.4212925832176,7.25647907,NA,NA,NA,NA,NA,NA,1.71446864005189,-0.00616910326403531,-0.0861623553687996,-0.426828383945513,-0.0363555895533755,-0.511248990943606,-0.225934663120474,0.350473130588843,1.12343477711017,-0.267283929688721,1.93700221183632,0.00454827
157,6.485,6.488,46.559,46.561,"2022-07-28","14:30:00","SG03_1","summer",5.488,5.309,-0.179,7,3,0.934911324134406,278.799999999999,6287.94064426007,1.6,9.83106178055556,10.11194926,NA,NA,NA,NA,NA,NA,7.87752596546778,1.30427836454724,1.2602650516345,-0.191977940929484,-0.49741776733387,-0.494065102366377,-0.18792861557535,0.546986324844209,0.214137092786231,0.113648285064496,2.65975450048461,0.012875389999999999
157,6.485,6.488,46.559,46.561,"2022-04-27","09:30:00","SG03_1","winter",3.076,2.941,-0.135,7,3,0.934911324134406,278.799999999999,5606.0264756146,1.6,58.6352613340278,10.11194926,NA,NA,NA,NA,NA,NA,1.32078279660538,0.123553937068422,1.2602650516345,-0.191977940929484,0.172472554740799,-0.494065102366377,-0.228362426176022,0.204807136150992,0.214137092786231,0.113648285064496,2.65975450048461,0.012875389999999999
158,6.49,6.49,46.563,46.564,"2022-07-28","14:50:00","SG03_2","summer",3.472,3.956,0.484,3,1,0.880974444363989,19.8,6287.94064426007,0.2,9.88164105451389,10.28643117,NA,NA,NA,NA,NA,NA,0.556587713483847,0.317404216206736,-1.4325897623721,-0.228740787055291,-0.49672351219943,-0.906160208061041,-0.233075027913976,0.546986324844209,-0.695160591537707,-0.648216144441937,2.69156055358879,0.0005515299999999999
158,6.49,6.49,46.563,46.564,"2022-04-27","10:40:00","SG03_2","winter",3.141,2.763,-0.378,3,1,0.880974444363989,19.8,5606.0264756146,0.2,59.4089022434028,10.28643117,NA,NA,NA,NA,NA,NA,0.0925787178740667,0.155372796017893,-1.4325897623721,-0.228740787055291,0.183091611352588,-0.906160208061041,-0.235936456425404,0.204807136150992,-0.695160591537707,-0.648216144441937,2.69156055358879,0.0005515299999999999
69,9.477,9.48,47.208,47.214,"2022-07-19","18:30:00","SIM03","summer",3.025,3.226,0.201,3,1,0.151101309089874,239.199999999999,7577.30761702556,0.7,1.52603296111111,0.90307704,NA,NA,NA,NA,NA,NA,43.5406351878964,0.0985883708157606,-0.470855900226887,-0.72621512887214,-0.611413253001071,-0.557072693816217,0.0319969429822443,1.19398057273482,-0.695160591537707,-0.648216144441937,0.138746739026145,0.0198673
69,9.477,9.48,47.209,47.214,"2022-03-16","09:00:00","SIM03","winter",4.463,4.002,-0.461,3,1,0.151101309089874,239.199999999999,3973.45014182714,0.7,8.23639707777778,0.90307704,NA,NA,NA,NA,NA,NA,8.067173524661,0.802519434959436,-0.470855900226887,-0.72621512887214,-0.519306261789649,-0.557072693816217,-0.18675910606555,-0.614406880892809,-0.695160591537707,-0.648216144441937,0.138746739026145,0.0198673
14,8.414,8.41,47.497,47.498,"2022-07-05","12:30:00","SU01","summer",0.9466,1.186,0.2394,3,4,0.604886670825532,1590.19999999999,7555.12921413536,0.8,13.4903628331018,3.74780498,NA,NA,NA,NA,NA,NA,32.7435390498428,-0.918831882116238,-0.278509127797843,-0.416919494815428,-0.447189910241929,1.59250447913162,-0.034586073774694,1.18285162387817,-0.695160591537707,0.494580499817712,3.76060199057878,0.00227614
14,8.413,8.409,47.497,47.498,"2022-02-25","14:00:00","SU01","winter",1.005,0.9632,-0.0418,3,4,0.604886670825532,1590.19999999999,2292.8233517926,0.8,51.8359600821759,3.74780498,NA,NA,NA,NA,NA,NA,8.52154028828547,-0.890243861152406,-0.278509127797843,-0.416919494815428,0.0791448053430185,1.59250447913162,-0.183957138809783,-1.45773224052335,-0.695160591537707,0.494580499817712,3.76060199057878,0.00227614
15,8.353,8.356,47.513,47.512,"2022-07-05","13:45:00","SU03","summer",0.709,1.244,0.535,6,4,1.80335078021815,147.2,6336.91338306407,0.8,4.46997024513889,1.55102582,NA,NA,NA,NA,NA,NA,9.14746332670908,-1.03514204959923,-0.278509127797843,0.399941840664874,-0.5710045358536,-0.703453966881503,-0.180097226512713,0.571560461594182,-0.0131873282947531,0.494580499817712,0.347832898186587,0.00074925
15,8.354,8.356,47.513,47.512,"2022-02-25","13:00:00","SU03","winter",1.206,1.188,-0.018,6,4,1.80335078021815,147.2,1289.08277201415,0.8,19.8545666310185,1.55102582,NA,NA,NA,NA,NA,NA,2.05941986288478,-0.791850158862504,-0.278509127797843,0.399941840664874,-0.359834343078817,-0.703453966881503,-0.223807434395589,-1.96140140159869,-0.0131873282947531,0.494580499817712,0.347832898186587,0.00074925
62,8.31,8.308,47.531,47.53,"2022-07-18","11:30:00","SU05","summer",0.984,1.637,0.653,3,1,0.418638533913779,932.5,6772.39999871837,1,127.99741933125,45.51019354,NA,NA,NA,NA,NA,NA,2.02369531457059,-0.90052380019762,0.106184417060244,-0.54386439091712,1.12454304838027,0.546037486794253,-0.224027738833803,0.790084234354821,-0.695160591537707,-0.648216144441937,9.06675438661272,0.00363944
62,8.309,8.308,47.53,47.53,"2022-02-25","12:00:00","SU05","winter",1.595,1.693,0.0980000000000001,3,1,0.418638533913779,932.5,2820.3987810479,1,597.848028563657,45.51019354,NA,NA,NA,NA,NA,NA,0.433266926379431,-0.601426526072595,0.106184417060244,-0.54386439091712,7.57374985487289,0.546037486794253,-0.233835516653658,-1.19299902238881,-0.695160591537707,-0.648216144441937,9.06675438661272,0.00363944
3,8.102,8.102,47.541,47.541,"2022-07-01","12:45:00","SZ03","summer",8.649,8.379,-0.270000000000001,3,1,4.99442857142862,5.4,7337.46426106771,0.4,0.894251360763889,0.88808411,NA,NA,NA,NA,NA,NA,1.67738072964034,2.85165395130535,-1.04789621751402,2.57494904006342,-0.620085137462033,-0.929072059497347,-0.226163375074951,1.07362905530245,-0.695160591537707,-0.648216144441937,0.183941695596231,2.4129999999999998e-05
3,8.102,8.102,47.541,47.541,"2022-01-31","11:15:00","SZ03","winter",2.041,1.895,-0.146,3,1,4.99442857142862,5.4,1974.5211710612,0.4,10.4226537909722,0.88808411,NA,NA,NA,NA,NA,NA,0.143917281537189,-0.383100201588535,-1.04789621751402,2.57494904006342,-0.489297528378601,-0.929072059497347,-0.235619864223116,-1.6174537816937,-0.695160591537707,-0.648216144441937,0.183941695596231,2.4129999999999998e-05
NA,NA,6.6817543,NA,46.58706,"2022-07-07",NA,"Talent","summer",1.515,2.145,0.63,5,1,7.8410883,798,6072.01941823452,1.5,NA,5.84229159,70,105,118,0.768095731604936,1.11583357837691,-0.360445656153264,NA,-0.64058819862579,1.06791827920546,4.51520427951092,NA,0.332034429975981,NA,0.438638744840369,-0.240511749375738,-0.648216144441937,1.15295397565986,NA
NA,NA,6.6817543,NA,46.58706,"2022-07-07",NA,"Talent","winter",NA,NA,NA,5,1,7.8410883,798,NA,1.5,NA,5.84229159,NA,NA,NA,NA,NA,NA,NA,NA,1.06791827920546,4.51520427951092,NA,0.332034429975981,NA,NA,-0.240511749375738,-0.648216144441937,1.15295397565986,NA
88,8.443,8.439,47.21,47.209,"2022-07-22","15:00:00","TB01","summer",3.748,3.848,0.0999999999999996,7,1,0.294126906787604,207.8,6951.74201718262,1,5.16253840243056,4.01840827,NA,NA,NA,NA,NA,NA,11.1809768223799,0.452511986515258,0.106184417060244,-0.628730289878967,-0.561498290280646,-0.607033258753716,-0.167557052615353,0.880076654513209,0.214137092786231,-0.648216144441937,0.495226156460361,0.0027303
88,8.443,8.439,47.21,47.209,NA,NA,"TB01","winter",3.088,3.122,0.0339999999999998,7,1,0.294126906787604,207.8,NA,1,NA,4.01840827,NA,NA,NA,NA,NA,NA,NA,0.129428187951401,0.106184417060244,-0.628730289878967,NA,-0.607033258753716,NA,NA,0.214137092786231,-0.648216144441937,0.495226156460361,0.0027303
86,9.017,9.015,47.608,47.606,"2022-07-22","11:15:00","TB03","summer",2.365,4.386,2.021,3,3,0.598083078087909,388,5472.7447262658,1.15,1.61728131944444,2.3288851,NA,NA,NA,NA,NA,NA,66.6413297933847,-0.224495427748096,0.394704575703809,-0.421556756629248,-0.610160770782083,-0.320316895641057,0.174453203105109,0.137927398264953,-0.695160591537707,0.113648285064496,0.371107810077133,0.00438235
86,9.017,9.015,47.608,47.606,"2022-03-12","14:30:00","TB03","winter",2.599,2.519,-0.0800000000000001,3,3,0.598083078087909,388,2454.46250113079,1.15,16.9814538541667,2.3288851,NA,NA,NA,NA,NA,NA,6.34679331365569,-0.109947535530001,0.394704575703809,-0.421556756629248,-0.399270917411593,-0.320316895641057,-0.19736826457938,-1.37662298143365,-0.695160591537707,0.113648285064496,0.371107810077133,0.00438235
36,9.187,9.186,47.59,47.586,"2022-07-08","15:45:00","TBG01","summer",5.782,11.86,6.078,7,2,0.303395089087856,771.699999999999,6055.20871990511,1.5,1.22383601099537,1.24399331,NA,NA,NA,NA,NA,NA,175.155093644259,1.44819751118023,1.06791827920546,-0.622413188088496,-0.615561232357258,0.290188479088838,0.843630699022423,0.43020326808946,0.214137092786231,-0.267283929688721,0.229298874003489,0.046807
36,9.185,9.185,47.588,47.588,"2022-03-04","10:17:00","TBG01","winter",3.457,3.193,-0.264,7,2,0.303395089087856,771.699999999999,2438.82564891817,1.5,11.2304951597222,1.24399331,NA,NA,NA,NA,NA,NA,19.087414050977,0.310061402603012,1.06791827920546,-0.622413188088496,-0.478209033543147,0.290188479088838,-0.118800013153235,-1.38446943139737,0.214137092786231,-0.267283929688721,0.229298874003489,0.046807
NA,NA,8.85425,NA,47.55316,"2021-07-05",NA,"Tegel","summer",2.226,2.418,0.192,12,1,2.3821015,473.4,6563.9917943757,1.8,NA,9.52673923,5,5,347,-0.362235995751144,-1.20394037766904,-0.00115221015025528,NA,-0.292538833809272,1.64495859649259,0.794412632210547,NA,-0.18443688781741,NA,0.685506629785263,1.35075919819115,-0.648216144441937,7.82878081775661,NA
NA,NA,8.85425,NA,47.55316,"2021-07-05",NA,"Tegel","winter",NA,NA,NA,12,1,2.3821015,473.4,NA,1.8,NA,9.52673923,NA,NA,NA,NA,NA,NA,NA,NA,1.64495859649259,0.794412632210547,NA,-0.18443688781741,NA,NA,1.35075919819115,-0.648216144441937,7.82878081775661,NA
21,8.843,8.857,47.55,47.554,"2022-07-06","15:00:00","TG02","summer",4.588,4.415,-0.173,3,2,0.872388221872111,783.299999999999,6829.48393902215,1.5,30.7634287635417,9.52673923,NA,NA,NA,NA,NA,NA,7.0727920156675,0.863709548323803,1.06791827920546,-0.234593071755749,-0.210098434401176,0.308645248301417,-0.19289121046006,0.818728508485917,-0.695160591537707,-0.267283929688721,7.82878081775661,0.04274679
21,8.841,8.856,47.548,47.554,"2022-03-27","17:35:00","TG02","winter",1.889,1.958,0.069,3,2,0.872388221872111,783.299999999999,3791.74692673111,1.5,63.4013316811343,9.52673923,NA,NA,NA,NA,NA,NA,3.43184169108039,-0.457507379439604,1.06791827920546,-0.234593071755749,0.237892015136939,0.308645248301417,-0.215344049017156,-0.705584131026812,-0.695160591537707,-0.267283929688721,7.82878081775661,0.04274679
97,8.39,8.38,47.533,47.548,"2022-07-25","15:30:00","TG02_17","summer",1.162,1.607,0.445,3,9,2.36420844569747,859.499999999999,6239.43413522113,0.7,24.8164743993056,10.5622827,NA,NA,NA,NA,NA,NA,9.62062524105683,-0.813389078766761,-0.470855900226887,0.782216902593922,-0.29172680267421,0.429887128818535,-0.177179354219187,0.522646138538572,-0.695160591537707,2.3992415735838,1.26212281308654,0.07506285
96,8.359,8.359,47.561,47.561,"2022-07-25","14:45:00","TG02_17","summer",1.581,1.319,-0.262,8,1,3.45712190650775,102.599999999999,6239.43413522113,0.7,33.631416634375,14.31406107,NA,NA,NA,NA,NA,NA,0.847421930210028,-0.608279818769404,-0.470855900226887,1.52713595537585,-0.170732204935743,-0.774417062302284,-0.231281525357532,0.522646138538572,0.441461513867216,-0.648216144441937,1.26212281308654,0.00066513
96,8.359,8.359,47.561,47.561,"2022-03-08","15:45:00","TG02_17","winter",1.124,1.105,-0.0190000000000001,8,1,3.45712190650775,102.599999999999,2935.59906434363,0.7,131.54357048125,14.31406107,NA,NA,NA,NA,NA,NA,0.216658251678382,-0.831990873229529,-0.470855900226887,1.52713595537585,1.1732178009166,-0.774417062302284,-0.235171288682814,-1.13519242254405,0.441461513867216,-0.648216144441937,1.26212281308654,0.00066513
97,8.39,8.38,47.533,47.547,"2022-03-19","13:00:00","TG02_17","winter",2.436,1.216,-1.22,3,9,2.36420844569747,859.499999999999,3494.23785261229,0.7,95.3539410416667,10.5622827,NA,NA,NA,NA,NA,NA,2.50382938965966,-0.189739443357136,-0.470855900226887,0.782216902593922,0.67647607084307,0.429887128818535,-0.221066870952433,-0.854871854162207,-0.695160591537707,2.3992415735838,1.26212281308654,0.07506285
105,6.965,6.967,46.759,46.76,"2022-06-15","12:40:00","TG02_B","summer",5.78196022364217,5.10432460438999,-0.677635619252178,17,1,1.00960887656036,38.3999999999999,7567.37308366174,NA,12.4418861074074,5.40190432,NA,NA,NA,NA,NA,NA,0.857319105365875,1.44817803982148,NA,-0.141064824755568,-0.461581385112727,-0.876565733289146,-0.231220491930505,1.18899550170567,2.48738130359608,-0.648216144441937,1.07141263667632,0.00127289
105,6.965,6.967,46.759,46.76,"2022-02-17","18:20:00","TG02_B","winter",3.825,3.883,0.0579999999999998,17,1,1.00960887656036,38.3999999999999,2590.12588811597,NA,95.7212443740741,5.40190432,NA,NA,NA,NA,NA,NA,0.111434684498896,0.490205096347708,NA,-0.141064824755568,0.681517705577308,-0.876565733289146,-0.235820176351049,-1.308548156436,2.48738130359608,-0.648216144441937,1.07141263667632,0.00127289
34,9.129,9.128,47.547,47.547,"2022-07-08","12:00:00","TH06","summer",8.41,9.307,0.897,17,1,0.0100791755686662,215.4,5987.6436160133,1.4,0.0892539131944445,0.22032966,NA,NA,NA,NA,NA,NA,670.372101254353,2.73465845455268,0.875571506776417,-0.822334426411051,-0.631134596409326,-0.594940892717888,3.89751128824979,0.396299628164224,2.48738130359608,-0.648216144441937,0.0185416489172704,0.0014278099999999998
34,9.129,9.128,47.547,47.547,"2021-12-28","15:30:00","TH06","winter",4.55,4.601,0.0510000000000002,17,1,0.0100791755686662,215.4,1258.25286691756,1.4,3.41969993125,0.22032966,NA,NA,NA,NA,NA,NA,17.4966618522762,0.845107753861035,0.875571506776417,-0.822334426411051,-0.585420629658512,-0.594940892717888,-0.128609787832274,-1.9768716064991,2.48738130359608,-0.648216144441937,0.0185416489172704,0.0014278099999999998
29,9.162,9.161,47.457,47.46,"2022-07-07","14:30:00","TH18_1","summer",3.847,3.821,-0.0259999999999998,3,4,0.334270246066804,1547.2,7128.65877356353,1.2,7.22496825555556,2.28658336,NA,NA,NA,NA,NA,NA,59.4850748925167,0.500974556299836,0.49087796191833,-0.601368985124613,-0.533189214192786,1.52408714498155,0.130322352190289,0.968852097154186,-0.695160591537707,0.494580499817712,0.648898929499497,0.01275626
29,9.162,9.161,47.458,47.46,"2022-03-08","10:30:00","TH18_1","winter",2.681,2.191,-0.49,3,4,0.334270246066804,1547.2,3348.53396697496,1.2,25.7240628,2.28658336,NA,NA,NA,NA,NA,NA,16.7072278247501,-0.0698068211629767,0.49087796191833,-0.601368985124613,-0.279269172150298,1.52408714498155,-0.133478031887082,-0.927984922740713,-0.695160591537707,0.494580499817712,0.648898929499497,0.01275626
30,9.168,9.168,47.455,47.458,"2022-07-07","15:00:00","TH18_2","summer",1.852,2.663,0.811,3,3,0.437395236659623,158.3,8174.41200789644,0.5,NA,0.37960447,NA,NA,NA,NA,NA,NA,NA,-0.475619652995457,-0.855549445084973,-0.531080007026023,NA,-0.685792748066017,NA,1.49360287921835,-0.695160591537707,0.113648285064496,0.0356805757860235,0.01685116
30,9.168,9.167,47.456,47.458,"2022-03-08","09:30:00","TH18_2","winter",1.694,1.857,0.163,3,3,0.437395236659623,158.3,3251.09069743824,0.5,NA,0.37960447,NA,NA,NA,NA,NA,NA,NA,-0.552963956288017,-0.855549445084973,-0.531080007026023,NA,-0.685792748066017,NA,-0.976881192164064,-0.695160591537707,0.113648285064496,0.0356805757860235,0.01685116
31,9.199,9.199,47.469,47.47,"2022-07-08","09:45:00","TH19","summer",3.841,3.666,-0.175,3,1,0.733333333333323,282.199999999999,6161.78409909681,0.7,107.77905612963,18.1169464,NA,NA,NA,NA,NA,NA,0.727310960996056,0.498037430858347,-0.470855900226887,-0.329371514486442,0.84702418810029,-0.488655359666138,-0.232022219945559,0.483681958609891,-0.695160591537707,-0.648216144441937,16.8147700903769,0.00102235
31,9.199,9.198,47.469,47.47,"2022-03-08","09:00:00","TH19","winter",2.573,2.541,-0.032,3,1,0.733333333333323,282.199999999999,2487.280115114,0.7,211.574061546296,18.1169464,NA,NA,NA,NA,NA,NA,0.370503304214044,-0.12267507910979,-0.470855900226887,-0.329371514486442,2.27172268217417,-0.488655359666138,-0.234222564361017,-1.36015535978278,-0.695160591537707,-0.648216144441937,16.8147700903769,0.00102235
28,9.012,9.009,47.498,47.5,"2022-07-07","13:00:00","TOBB02","summer",2.66,3.474,0.814,3,4,1.58075817659255,448.199999999998,7194.08914106472,1.5,7.00181005625,2.76235794,NA,NA,NA,NA,NA,NA,17.7811164541471,-0.0800867602081902,1.06791827920546,0.248224913941225,-0.536252301373278,-0.224532627830949,-0.126855626780007,1.00168454307906,-0.695160591537707,0.494580499817712,0.613757079181041,0.00379767
28,9.011,9.009,47.499,47.5,"2022-03-23","10:00:00","TOBB02","winter",2.282,2.127,-0.155,3,4,1.58075817659255,448.199999999998,3689.72937206223,1.5,19.3748716625,2.76235794,NA,NA,NA,NA,NA,NA,6.42584901560761,-0.265125663022035,1.06791827920546,0.248224913941225,-0.36641867434331,-0.224532627830949,-0.196880747652561,-0.756775740901122,-0.695160591537707,0.494580499817712,0.613757079181041,0.00379767
159,6.681,6.682,46.585,46.588,"2022-07-26","15:00:00","TT001","summer",1.84,2.663,0.823,3,3,1.01185787273571,353.199999999999,5720.62229134835,2.5,2.4342881625,5.84229159,NA,NA,NA,NA,NA,NA,40.303819663795,-0.481493903878436,2.99138600349589,-0.1395319311087,-0.598946469917829,-0.375687203278797,0.0120363036098869,0.262310418907679,-0.695160591537707,0.113648285064496,1.15295397565986,0.03130083
159,6.681,6.682,46.585,46.588,"2022-04-30","16:40:00","TT001","winter",2.132,2.075,-0.0569999999999999,3,3,1.01185787273571,353.199999999999,5052.42126631924,2.5,42.87051930625,5.84229159,NA,NA,NA,NA,NA,NA,2.28854496513662,-0.338553799059275,2.99138600349589,-0.1395319311087,-0.0439155473290111,-0.375687203278797,-0.222394476658842,-0.0729876217278569,-0.695160591537707,0.113648285064496,1.15295397565986,0.03130083
142,6.884,6.883,46.527,46.527,"2022-07-14","14:20:00","TT01","summer",2.183,1.511,-0.672,3,1,1.74404531638573,26.3,6808.30502741701,0.65,2.94738788055556,3.80081064,NA,NA,NA,NA,NA,NA,2.47865427002384,-0.313588232806614,-0.567029286441408,0.359519820507776,-0.59190362240615,-0.89581805289882,-0.221222119677751,0.808101096527537,-0.695160591537707,-0.648216144441937,0.251982429677601,0.00018601
142,6.884,6.883,46.527,46.527,"2022-04-14","07:50:00","TT01","winter",3,2.859,-0.141,3,1,1.74404531638573,26.3,5336.97090975024,0.65,36.2484718444444,3.80081064,NA,NA,NA,NA,NA,NA,0.201541063217958,0.0863503481428873,-0.567029286441408,0.359519820507776,-0.134810297116318,-0.89581805289882,-0.235264512638562,0.0697971605938978,-0.695160591537707,-0.648216144441937,0.251982429677601,0.00018601
123,7.535,7.535,47.05,47.05,"2022-07-07","17:20:00","UKT03","summer",2.18944816268673,3.11268767572138,0.923239513034652,3,2,0.691510974061236,101.4,7548.74534437668,0.5,NA,0.08721071,NA,NA,NA,NA,NA,NA,NA,-0.310431722360271,-0.855549445084973,-0.357877222734349,NA,-0.776326383255308,NA,1.1796482480353,-0.695160591537707,-0.267283929688721,0.0151997204638629,0.00023079
123,7.535,7.535,47.047,47.05,"2022-03-15","15:30:00","UKT03","winter",1.087,1.142,0.0549999999999999,3,2,0.691510974061236,101.4,4353.72464770328,0.5,NA,0.08721071,NA,NA,NA,NA,NA,NA,NA,-0.850103146785382,-0.855549445084973,-0.357877222734349,NA,-0.776326383255308,NA,-0.423588112366733,-0.695160591537707,-0.267283929688721,0.0151997204638629,0.00023079
160,6.537,6.534,46.63,46.63,"2022-07-29","10:00:00","VE07","summer",1.548,2.634,1.086,3,3,0.483052581109143,481.499999999999,7263.76539986275,1.3,7.66980388333333,7.04969208,NA,NA,NA,NA,NA,NA,17.4385162951352,-0.624434008697597,0.683224734347374,-0.499960410644935,-0.527083365009954,-0.17154897138449,-0.128968357076815,1.03664754400049,-0.695160591537707,0.113648285064496,4.14932877288855,0.00456199
160,6.537,6.534,46.63,46.63,"2022-04-28","10:30:00","VE07","winter",1.844,2.308,0.464,3,3,0.483052581109143,481.499999999999,6556.25583589565,1.3,34.1061491833333,7.04969208,NA,NA,NA,NA,NA,NA,3.92158021948017,-0.479535820250776,0.683224734347374,-0.499960410644935,-0.164215988236551,-0.17154897138449,-0.212323952851852,0.681624786412327,-0.695160591537707,0.113648285064496,4.14932877288855,0.00456199
78,9.457,9.458,47.055,47.058,"2022-07-20","16:00:00","VWK02","summer",0.582,0.5813,-0.000699999999999923,3,3,0.148611233836999,196.099999999999,7129.4309343884,0.45,0.204106636111111,0.73478389,NA,NA,NA,NA,NA,NA,266.881191420785,-1.09731120477742,-0.951722831299495,-0.727912339644301,-0.62955811880597,-0.625649138045716,1.4092828176303,0.96923956140811,-0.695160591537707,0.113648285064496,0.7403259378435291,0.0054353299999999995
78,9.457,9.458,47.055,47.058,"2022-03-04","13:00:00","VWK02","winter",NA,NA,NA,3,3,0.148611233836999,196.099999999999,3517.46462474527,0.45,9.73758743113426,0.73478389,NA,NA,NA,NA,NA,NA,5.59401623938764,NA,-0.951722831299495,-0.727912339644301,-0.498700803683456,-0.625649138045716,-0.202010454285701,-0.843216841830945,-0.695160591537707,0.113648285064496,0.7403259378435291,0.0054353299999999995
79,9.458,9.456,47.047,47.05,"2022-07-20","16:30:00","VWK03","summer",1.524,0.889,-0.635,3,4,0.242690496184599,445.4,6283.28188388339,0.7,0.0855431679398148,0.32134477,NA,NA,NA,NA,NA,NA,1446.31330826173,-0.636182510463555,-0.470855900226887,-0.663788840842815,-0.631185530393625,-0.228987710054672,8.68254846194717,0.544648595377207,-0.695160591537707,0.494580499817712,0.32478590595818996,0.00790616
79,9.458,9.455,47.047,47.05,"2022-03-04","11:30:00","VWK03","winter",NA,NA,NA,3,4,0.242690496184599,445.4,2950.93076576905,0.7,4.23996571527778,0.32134477,NA,NA,NA,NA,NA,NA,29.1800053421225,NA,-0.470855900226887,-0.663788840842815,-0.57416159631145,-0.228987710054672,-0.0565615032365851,-1.12749909485524,-0.695160591537707,0.494580499817712,0.32478590595818996,0.00790616
84,9.465,9.463,47.04,47.041,"2022-07-21","14:45:00","VWK04","summer",0.9163,1.311,0.3947,3,2,0.133827924108695,429.199999999999,7048.6535568727,0.9,0.286294542476852,1.45504991,NA,NA,NA,NA,NA,NA,416.432046488842,-0.933664365595761,-0.0861623553687996,-0.737988497981325,-0.628430001070821,-0.254763542920517,2.33152588759021,0.928706106064322,-0.695160591537707,-0.267283929688721,1.42464250540607,0.00463633
84,9.468,9.462,47.039,47.041,"2022-03-04","10:00:00","VWK04","winter",0.5588,NA,NA,3,2,0.133827924108695,429.199999999999,3220.36871226898,0.9,18.6596678273148,1.45504991,NA,NA,NA,NA,NA,NA,6.38930035226561,-1.10866808981785,-0.0861623553687996,-0.737988497981325,-0.376235619030136,-0.254763542920517,-0.197106134203966,-0.992297243690232,-0.695160591537707,-0.267283929688721,1.42464250540607,0.00463633
70,9.491,9.491,47.207,47.207,"2022-07-19","17:30:00","WBK01","summer",0.7835,0.5533,-0.2302,3,1,1.45726638498577,83,5970.20529775317,0.7,0.344095898148148,0.37162357,NA,NA,NA,NA,NA,NA,67.0032850715039,-0.998672742034064,-0.470855900226887,0.164054124826904,-0.627636615068771,-0.805602637868366,0.17668529162596,0.387549216647951,-0.695160591537707,-0.648216144441937,0.378002159964163,0.00052028
70,9.488,9.488,47.204,47.204,"2022-03-16","08:00:00","WBK01","winter",1.977,2.026,0.0489999999999997,3,1,1.45726638498577,83,3653.71194633681,0.7,2.787176775,0.37162357,NA,NA,NA,NA,NA,NA,8.27201050265481,-0.41442953963109,-0.470855900226887,0.164054124826904,-0.594102692774735,-0.805602637868366,-0.185495927173391,-0.77484900302152,-0.695160591537707,-0.648216144441937,0.378002159964163,0.00052028
NA,NA,7.625333,NA,47.165741,"2022-07-15",NA,"Weierbach","summer",4.915,4.42,-0.495,11,1,1.7221694,1345.3,7191.53785694777,1.1,NA,NA,60,171,2410,1.51411467165995,0.758945277446766,3.23562673790305,NA,1.02378288488499,0.298531189489287,0.344609411315161,NA,1.20284389463502,NA,1.00040432869226,1.12343477711017,-0.648216144441937,NA,NA
NA,NA,7.625333,NA,47.165741,"2022-07-15",NA,"Weierbach","winter",NA,NA,NA,11,1,1.7221694,1345.3,NA,1.1,NA,NA,NA,NA,NA,NA,NA,NA,NA,NA,0.298531189489287,0.344609411315161,NA,1.20284389463502,NA,NA,1.12343477711017,-0.648216144441937,NA,NA
122,7.455,7.454,47.045,47.045,"2022-07-07","18:40:00","WOB01","summer",2.8428643659361,2.43257977319812,-0.41028459273798,3,2,1.2649442042827,214.3,6206.47512929361,1.2,18.36390904375,3.45673582,NA,NA,NA,NA,NA,NA,3.24156352745808,0.00942917004727553,0.49087796191833,0.0329692202891977,-0.380295227600533,-0.596691103591495,-0.216517447308229,0.506107567517506,-0.695160591537707,-0.267283929688721,0.630148213887483,0.00092693
122,7.455,7.454,47.045,47.045,"2022-03-15","14:00:00","WOB01","winter",2.195,3.37,1.175,3,2,1.2649442042827,214.3,3110.69795166096,1.2,37.9280735805555,3.45673582,NA,NA,NA,NA,NA,NA,1.56949120158572,-0.307713981923635,0.49087796191833,0.0329692202891977,-0.111755950190131,-0.596691103591495,-0.226828703063376,-1.04732917236061,-0.695160591537707,-0.267283929688721,0.630148213887483,0.00092693
139,7.305,7.307,46.872,46.873,"2022-07-12","12:15:00","WUE01","summer",1.748,1.599,-0.149,17,2,3.43232451825701,62.9999999999999,7209.3541986609,1.1,3.10365921574074,1.55904742,NA,NA,NA,NA,NA,NA,5.6385056423868,-0.52652982731461,0.298531189489287,1.51023429972828,-0.589758629638806,-0.837424653752124,-0.201736099160256,1.00934442941635,2.48738130359608,-0.267283929688721,0.26137933618156,0.00309479
139,7.305,7.307,46.872,46.873,"2022-04-10","16:25:00","WUE01","winter",1.062,1.17,0.108,17,2,3.43232451825701,62.9999999999999,5464.97855566272,1.1,13.4612196217593,1.55904742,NA,NA,NA,NA,NA,NA,1.30003079154227,-0.862341169458255,0.298531189489287,1.51023429972828,-0.447589932277147,-0.837424653752124,-0.228490398649657,0.134030394685319,2.48738130359608,-0.267283929688721,0.26137933618156,0.00309479
55,8.197,8.2,47.207,47.207,"2022-07-14","14:00:00","WY02","summer",2.188,2.478,0.29,3,2,1.05005844638873,921.699999999999,6103.18466868641,1.5,50.1919818541667,17.00622444,NA,NA,NA,NA,NA,NA,5.10096968319897,-0.311140628272039,1.06791827920546,-0.113494796274407,0.0565794295204267,0.528853598217023,-0.205050950238771,0.454277223413459,-0.695160591537707,-0.267283929688721,17.0341633301974,0.00397777
55,8.196,8.2,47.207,47.207,"2022-01-21","14:30:00","WY02","winter",1.999,2.194,0.195,3,2,1.05005844638873,921.699999999999,1251.01716399933,1.5,224.9781774875,17.00622444,NA,NA,NA,NA,NA,NA,1.13801160911263,-0.403660079678962,1.06791827920546,-0.113494796274407,2.45570864295488,0.528853598217023,-0.229489530805259,-1.9805024255494,-0.695160591537707,-0.267283929688721,17.0341633301974,0.00397777
26,8.849,8.85,47.596,47.597,"2022-07-07","10:45:00","ZH01","summer",3.616,3.806,0.19,17,1,0.589658848614103,51.8999999999999,7120.83337415199,0.3,0.190118211111111,0.07333131,NA,NA,NA,NA,NA,NA,75.8300142969528,0.387895226802487,-1.24024298994306,-0.42729862848376,-0.629750125039333,-0.855085872567609,0.231117543817887,0.964925373022379,2.48738130359608,-0.648216144441937,0.00998255846748516,0.00038107
26,8.85,8.85,47.596,47.596,"2022-04-03","12:00:00","ZH01","winter",10.34,9.707,-0.632999999999999,17,1,0.589658848614103,51.8999999999999,4488.88450866811,0.3,0.466808107638889,0.07333131,NA,NA,NA,NA,NA,NA,30.8834967318497,3.6794338048985,-1.24024298994306,-0.42729862848376,-0.625952257528019,-0.855085872567609,-0.0460564938991435,-0.355765952782191,2.48738130359608,-0.648216144441937,0.00998255846748516,0.00038107
41,8.513,8.513,47.747,47.747,"2022-07-11","11:30:00","ZW01","summer",2.186,2.319,0.133,3,1,1.63254184507589,37.7,7233.35873517502,0.9,15.1221407512732,3.44736929,NA,NA,NA,NA,NA,NA,0.692509241546408,-0.312119670085869,-0.0861623553687996,0.283520152456798,-0.424791996841865,-0.877679503845077,-0.232236833526809,1.02138971782219,-0.695160591537707,-0.648216144441937,0.579434765921923,0.00057431
41,8.513,8.512,47.747,47.747,"2022-03-27","11:45:00","ZW01","winter",2.016,1.955,-0.0609999999999999,3,1,1.63254184507589,37.7,4612.34618853076,0.9,25.1769678471065,3.44736929,NA,NA,NA,NA,NA,NA,0.415944536523122,-0.395338224261408,-0.0861623553687996,0.283520152456798,-0.286778640957336,-0.877679503845077,-0.233942339540046,-0.293813848848027,-0.695160591537707,-0.648216144441937,0.579434765921923,0.00057431
42,8.488,8.48,47.732,47.741,"2022-07-11","12:15:00","ZW02","summer",1.836,1.575,-0.261,3,6,1.39045380439084,823,6629.00787324191,2,32.5470269153935,10.69225523,NA,NA,NA,NA,NA,NA,7.02402439723264,-0.483451987506096,2.02965214135068,0.118515327808339,-0.185616624406798,0.371811949830679,-0.193191948280112,0.718131188918042,-0.695160591537707,1.25644492932415,2.1545694739573,0.15447778
42,8.487,8.48,47.732,47.741,"2022-02-06","14:10:00","ZW02","winter",2.106,1.494,-0.612,3,6,1.39045380439084,823,1473.48723261842,2,125.237989499537,10.69225523,NA,NA,NA,NA,NA,NA,1.82541345501204,-0.351281342639064,2.02965214135068,0.118515327808339,1.08666689518809,0.371811949830679,-0.225250493934691,-1.86886868762632,-0.695160591537707,1.25644492932415,2.1545694739573,0.15447778
